company,locations_in_sf,score,in_target_hoods,naics,dbas,mailing_address,sample_addresses
Sf Owner LLC,74,2,"Haight Ashbury, Inner Richmond, Mission, Nob Hill, Outer Richmond","531110, 531311",Sf Owner LLC,"351 California St Fl 14, San Francisco, 94104","100 Broderick St, San Francisco | 1020 Post St, San Francisco | 1050 Post St, San Francisco"
"Sf Apartments Investor Holdings, LLC",63,4,"Haight Ashbury, Inner Richmond, Mission, Nob Hill, Noe Valley, Outer Richmond",531110,"19th 4030 Owner, Lp | 21st 175 Owner, Lp | 23rd 4475 Owner, Lp","1258 Po Box, Portsmouth, 03802","10 Glendale St, San Francisco | 100 Lake St, San Francisco | 1015 Pierce St, San Francisco"
Cbre Inc,41,4,,531390,"Cb Richard Ellis Inc | Cbre Inc | Cbre, Inc","2375 N Glenville Dr Bldg A2fl, Richardson, 75082","1 California St #102, San Francisco | 1 Maritime Plz Ste 1660, San Francisco | 1 Post St Fl 32, San Francisco"
Dewolf Realty Co,37,6,"Haight Ashbury, Inner Richmond, Mission, Nob Hill, Noe Valley, Outer Richmond",531110,Dewolf Realty Co,"4330 Po Box 591540, San Francisco, 94159","1 Toledo Way, San Francisco | 1140 Pine St, San Francisco | 138 Clinton Park #140, San Francisco"
Del Camp Investments Inc,36,4,"Mission, Nob Hill, Noe Valley, Outer Richmond",531110,1290 Hayes Apts | 1333 Castro Bldg | 1367-1373 Hayes Apts,"2120 Market St Ste 100, San Francisco, 94114","1290 Hayes St, San Francisco | 1333 Castro St, San Francisco | 1367 Hayes St, San Francisco"
Castellucci Antonio,32,4,"Inner Richmond, Mission, Nob Hill, Outer Richmond",531311,1103-1113 Treat Ave | 1103-1113 Treat Ave - Commercial | 1152 Jackson St,"1757 Union St, San Francisco, 94123","1103 -111 Treat Ave, San Francisco | 1152 Jackson St, San Francisco | 1207 Chestnut St, San Francisco"
"Sf Multifamily Pool 2-3 (B) Owner, LLC",32,2,"Haight Ashbury, Mission, Nob Hill",531110,"Sf Multifamily Pool 2-3 (B) Owner, LLC","3288 21st St # Pmb 200, San Francisco, 94110","1046 Mason St, San Francisco | 1046 Pacific Ave, San Francisco | 1106 Bush St, San Francisco"
Fillmore Center Associates Lp,30,6,,531110,Fillmore Center | Fillmore Center Apt. | Fillmore Center Parking Garage,"1475 Fillmore St, San Francisco, 94115","1201 Fillmore St, San Francisco | 1301 Fillmore St, San Francisco | 1305 Fillmore St, San Francisco"
Blanding James,25,4,Mission,531210,1035 Ingerson Ave Apts | 1098 Le Conte Apts | 1215 Lane St Apts,"1674 Revere Ave, San Francisco, 94124","1035 Ingerson Ave, San Francisco | 1098 Le Conte Ave, San Francisco | 1215 Lane St, San Francisco"
Boschetti Giampaolo,23,4,"Haight Ashbury, Mission",531110,Giampaolo Boschett | Giampaolo Boschetti,"955 Prague St, San Francisco, 94112","1419 Fulton St, San Francisco | 1428 Hayes St, San Francisco | 156 Central Ave, San Francisco"
Del-Camp Investments Inc,23,4,"Mission, Nob Hill, Noe Valley, Outer Richmond",531110,1225 Jackson Street | 1290 Hayes Apts | 1367-1373 Hayes Apts,"2120 Market St Ste 100, San Francisco, 94114","1225 Jackson St, San Francisco | 1290 Hayes St, San Francisco | 1367 1373 Hayes St, San Francisco"
Ares Commercial Properties,21,6,"Mission, Nob Hill",531210,1118 Harrison St Bldg | 140 10th St Bldg | 142 10th St Bldg,"695 De Long Ave Ste 260, Novato, 94945","1118 Harrison St, San Francisco | 134 10th St # 140, San Francisco | 140 10th St, San Francisco"
"Sf Multifamily Pool 5 (C) Owner, LLC",21,2,"Haight Ashbury, Mission, Nob Hill",531110,"Sf Multifamily Pool 5 (C) Owner, LLC","3288 21st St # Pmb 200, San Francisco, 94110","1485 Clay St, San Francisco | 150 Franklin St, San Francisco | 1836 Mcallister St, San Francisco"
Mehan Properties LLC,19,6,,531110,1090 Francisco St Residential Apt Bldg | 1280 Lombard St Residential Apt Bld | 1425-1431 Kearny St Residential Apt Bldg,"145 Poplar Dr, Kentfield, 94904","1090 Francisco St, San Francisco | 1280 Lombard St, San Francisco | 1425 1431 Kearny St, San Francisco"
Murphy San Francisco Limited Partnership,16,4,"Haight Ashbury, Mission, Nob Hill",53,1030 Franklin St | 1200-1202 Hampshire | 1250 Grove St,"1355 Valencia St, San Francisco, 94110","1030 Franklin St, San Francisco | 1200 Hampshire St, San Francisco | 1250 Grove St, San Francisco"
Unif Inc,16,4,"Inner Richmond, Mission, Outer Richmond",53,1074-1074a Florida St | 1229-1229 1/2 Cortland Ave | 1421 48th Ave,"500 Masonic Ave, San Francisco, 94117","1074 Florida St, San Francisco | 1166 Geneva Ave, San Francisco | 1229 Cortland Ave, San Francisco"
Crest Royal Corp,14,4,Nob Hill,531110,Crest Royal Apartments | Warehouse Rental,"3450 3rd St Ste 1a, San Francisco, 94124","1310 Jones St, San Francisco | 250 Toland Place, San Francisco | 606 Toland Pl, San Francisco"
Cushman & Wakefield Inc,13,4,Nob Hill,531210,Cushman & Wakefield,"425 Market St Ste 2300, San Francisco, 94105","150 Post St, San Francisco | 201 Spear St, San Francisco | 345 California St, San Francisco"
Mccormick Thomas E,13,4,"Mission, Noe Valley",531110,1910-1914a Folsom Apts | 1916-1918 Folsom Rentals | 25 Corwin St Apts,"1 Rosemary Ct, San Francisco, 94116","1 Rosemary Ct, San Francisco | 1910 Folsom St, San Francisco | 1916 Folsom St, San Francisco"
"Hfgo Investors, LLC",13,2,,531390,"Hfgo Investors, LLC","8214 Westchester Dr Ste 550, Dallas, 75225","1720 Fulton St, San Francisco | 1730 Fulton St, San Francisco | 1770 Fulton St, San Francisco"
Bayview Property Managers,12,6,,531210,1021 Newhall Bldg | 1039 Palou Bldg | 1210 Newhall Apts,"1674 Revere Ave, San Francisco, 94124","1024 Newhall St, San Francisco | 1039 Palou Ave, San Francisco | 1210 Newhall St, San Francisco"
Dolmen Property Group LLC,12,6,"Mission, Outer Richmond",531311,2927-2929 Folsom St Apts | Dolmen Property Group | Dolmen Property Group LLC,"964 Natoma St, San Francisco, 94103","1 Jones St, San Francisco | 1279 19th Ave, San Francisco | 1452 Broadway, San Francisco"
"Essex Portfolio, Lp",12,4,,531110,Bennett Lofts | Bennett Lofts Potrero Hill | Bennett Lofts Soma,"1100 Park Pl Ste 200, San Mateo, 94403","1001 Mariposa St, San Francisco | 1200 14th Ave, San Francisco | 1200 4th St, San Francisco"
Fraige Richard,12,4,,531110,Hayes Valley Properties,"Po Box 475730, San Francisco, 94147","469 IVy St, San Francisco | 500 Hayes St, San Francisco | 511 Hayes St, San Francisco"
Jones Lang Lasalle Americas,12,4,,531390,Jones Lang Lasalle | Jones Lang Lasalle Americas | Lasalle Investment Mgmt Inc,"200 E Randolph St Ste 4300, Chicago, 60601","1 Front St, San Francisco | 1 Front Street Ste 2100, San Francisco | 101 2nd St, San Francisco"
Khostovan Ali & Fatemah,12,4,"Haight Ashbury, Inner Richmond, Mission, Outer Richmond",53,1133 Hayes St | 1409 Shrader St | 1410 Guerrero St,"506 Craig Rd, Hillsborough, 94010","1133 Hayes St, San Francisco | 1409 Shrader St, San Francisco | 1410 Guerrero St, San Francisco"
Mar Nancy A,12,4,"Inner Richmond, Nob Hill",531110,1390 Pine St Apts | 1390 Pine Street Apartments | 1415 Franklin St Apts,"Po Box 641041, San Francisco, 94164","1390 Pine St, San Francisco | 1415 Franklin St, San Francisco | 1452 Clay St #1466, San Francisco"
Ralston Capital Sfmf IV LLC,12,4,,531110,"Arzo Hair Culture | Copas | Doctor Of Chiropractic, Inc.","2215r Market St, San Francisco, 94114","2215 Market St, San Francisco | 2215 R Market St, San Francisco | 2217 Market St, San Francisco"
Varni Anthony,12,4,"Inner Richmond, Mission, Outer Richmond",531110,461-469 Chestnut St Apts | Anthony Varni | National Real Estate Co,"217 Balboa St, San Francisco, 94118","1065 Dolores St #75, San Francisco | 124 -134 Page St, San Francisco | 217 Balboa St, San Francisco"
Wai John E 1981 Lvg Trust,12,2,"Haight Ashbury, Inner Richmond, Mission, Nob Hill, Outer Richmond",531110,1086 Post St Apts | 1111-1133 Green St Apts | 1415-1417 1/2 Guerrero St Apts,"Po Box 1295, Carson City, 89702","1086 Post St, San Francisco | 1111 Green St #1133, San Francisco | 1111 Jones St, San Francisco"
Kv Lee Properties LLC,11,6,Mission,53,1090 Bryant St - Commercial Bldg | 1400 9th Ave - Commercial Bldg | 1971 Fillmore St - Commercial Bldg,"5429b Geary Blvd, San Francisco, 94121","1090 Bryant St, San Francisco | 1400 9th Ave, San Francisco | 1404 9th Ave, San Francisco"
Bartholomew Murphy,11,4,"Mission, Nob Hill",53,1355 Pine St | 1427-33 S. Van Ness | 1435 Larkin,"1355 Valencia St, San Francisco, 94110","1355 Pine St, San Francisco | 1427 S Van Ness Ave #, San Francisco | 1435 Larkin St, San Francisco"
Galu Dominic-Philip Etal Fam T,11,4,Mission,531110,1068 South Van Ness | 3172 - 24th St | 3174 24 St Discodelic LLC,"353 E 10 St E 521 Ste, Gilroy, 95020","1068 S Van Ness Ave, San Francisco | 3172 24th St, San Francisco | 3174 24th St, San Francisco"
"Grm Two, LLC",11,4,,531110,401 Haight Street Commercial | 411 Haight Street Commercial | 413 Haight Commercial,"900 Van Ness Ave Ste 102, San Francisco, 94109","401 Haight St, San Francisco | 411 Haight St, San Francisco | 413 Haight St, San Francisco"
W J Britton & Co,11,4,"Mission, Noe Valley",531210,1000 Geneva Av Apts | 123 South Van Ness Ave Bldg | 131 Van Ness Ave Bldg,"1345 Mission St, San Francisco, 94103","1000 Geneva Ave, San Francisco | 123 S Van Ness Ave, San Francisco | 131 S Van Ness Ave, San Francisco"
Central Family Trust,11,2,,"53, 531110",1301 17th St | 1401 17th St | 1501 Baker St,"Po Box 597004, San Francisco, 94159","1301 17th St, San Francisco | 1401 17th St, San Francisco | 1501 Baker St, San Francisco"
Colabianchi Sebastian F,10,4,"Haight Ashbury, Inner Richmond",531110,1310 12th Av Apts | 1633 Waller St Apts | 1851 8th Av Apts,"Po Box 419, Millbrae, 94030","1310 12th Ave, San Francisco | 1659 Waller St, San Francisco | 1663 Waller St, San Francisco"
Japanese Amer Relgs Fed Hsng,10,4,,531110,Nihonmachi Terrace,"0000 Undeliverable Mail, San Francisco, 99999","1490 Post St, San Francisco | 1510 Post St, San Francisco | 1530 Post St, San Francisco"
Tenderloin Neighborhood Dev,10,4,"Haight Ashbury, Mission",531110,Aarti Hotel | Alexander Gp LLC | Ambassador Hotel,"201 Eddy St, San Francisco, 94102","1601 Howard St, San Francisco | 201 Eddy St, San Francisco | 216 Eddy St, San Francisco"
Victor Makras,10,4,"Haight Ashbury, Noe Valley",531311,1185-1193 Church St. | 1677-1681 Haight St. | 188 King #309,"1193 Church St, San Francisco, 94114","1193 Church St, San Francisco | 1677 Haight St, San Francisco | 188 King St 307, San Francisco"
Artal Family Lp,10,2,"Inner Richmond, Mission, Noe Valley",531110,100 Portola Drive | 107 11th Avenue | 116 Portola Drive,"44 Crown Ter, San Francisco, 94114","100 Portola Dr, San Francisco | 107 11th Ave, San Francisco | 116 Portola Dr, San Francisco"
"Edward A. Mazzei And Sharon A. Mazzei, Trustees Of The Mazzei Family Trust",10,2,,531110,Mazzei Family Trust,"281 Lassen Dr, San Bruno, 94066","5158 3rd St A, San Francisco | 5158 3rd St Apt, San Francisco | 5160 3rd St, San Francisco"
Gaehwiler Family LLC,10,2,"Mission, Nob Hill",531110,10 Argent Alley | 1004 Treat Ave | 1230 Washington St,"Po Box 318008, San Francisco, 94131","10 Argent Way, San Francisco | 1004 Treat Ave, San Francisco | 1230 Washington St, San Francisco"
Levinson Family Revocable Trust,10,2,"Haight Ashbury, Mission, Nob Hill",531110,Cream | Elegant Laundry | Giordano's,"Po Box 470093, San Francisco, 94147","1025 Jackson St, San Francisco | 1201 Green St, San Francisco | 135 Capp St, San Francisco"
Arriaza Raul,9,3,"Haight Ashbury, Noe Valley",531110,101 Jersey St. | 1080-2 Potrero St. | 1233 Arguello,"608 Portola Dr, San Francisco, 94127","1301 Evans, San Francisco | 1475 Haight St, San Francisco | 1524 Jackson St, San Francisco"
Avalonbay Communities Inc,9,3,Nob Hill,531110,Ava 55 Ninth | Avalon At Mission Bay II | Avalon At Nob Hill,"4040 Wilson Blvd Ste 1000, Arlington, 22203","1150 Ocean Ave, San Francisco | 255 King St, San Francisco | 325 Octavia St, San Francisco"
Conner Edward J,9,3,,531110,2120 Steiner Apts | 2126 Steiner Rentals | 2472-2474 California Rentals,"3001 Laguna St, San Francisco, 94123","2120 Steiner St, San Francisco | 2126 Steiner St, San Francisco | 2472 California St, San Francisco"
Li Don/Donna/Calvin/Gregory,9,3,Nob Hill,531110,1385 Pine St Apts | 1441 Larkin St Apts | 1454 Taylor St Apts,"1653 Sacramento St, San Francisco, 94109","1385 Pine St, San Francisco | 1441 Larkin St, San Francisco | 1454 Taylor St, San Francisco"
Sf Jv LLC,9,3,"Nob Hill, Outer Richmond",531311,2073 Market | 2075-2079 Market Street | 2077 Market Street,"351 California St Fl 14, San Francisco, 94104","2073 Market St, San Francisco | 2075 Market St, San Francisco | 2077 Market St # A, San Francisco"
The Gruber Family Partners,9,3,"Inner Richmond, Nob Hill, Outer Richmond",531110,1590 Sacramento Apts | 180 4th Ave Apts | 2190 Beach St Apts,"Po Box 470126, San Francisco, 94147","1590 Sacramento St, San Francisco | 180 4th Ave, San Francisco | 2190 Beach St, San Francisco"
John P Brennan Company LLC,8,5,Haight Ashbury,53,115 Mason | 1463-67 Haight St | 1754-64 Haight St Apartments,"50 Everson St, San Francisco, 94131","115 Mason St, San Francisco | 1463 Haight St, San Francisco | 1754 Haight St #64, San Francisco"
Joseph Torrano,8,3,Noe Valley,531110,1360 Green St | 1840 Green St | 2525 Polk,"460688 Po Box, San Francisco, 94146","1395 Church St, San Francsico | 2527 Polk St, San Francisco | 29th St, San Francisco"
"Jppf 1155 Battery, L.P.",8,3,,531312,"Jppf 1155 Battery, L.P. | Jppf 1155 Battery, Lp | Levi's Plaza Garage","1105 Battery St, San Francisco, 94111","101 Lombard St, San Francisco | 1105 Battery St, San Francisco | 1155 Battery St, San Francisco"
Lee Shing K,8,3,Outer Richmond,53,1030 Irving St Apartments | 1323 - 1325 9th Ave Apts | 1327 Taraval St Apts,"1327 Taraval St, San Francisco, 94116","1030 Irving St, San Francisco | 11 Belden Pl, San Francisco | 1323 9th Ave, San Francisco"
Luna Leticia,8,3,Mission,53,Hi  Tops | Last Rites | Leticia  Luna,"Po Box 411622, San Francisco, 94141","2200 Market St Ste 101, San Francisco | 2200 Market St Ste 102, San Francisco | 2247 Market St, San Francisco"
Mcnair James P Co Inc,8,3,,531110,1249 16th Av Apts | 1278 25th Av Apts | 1281 24th Av Apts,"2236 Irving St, San Francisco, 94122","1249 16th Ave, San Francisco | 1278 25th Ave, San Francisco | 1281 24th Ave, San Francisco"
New California Land,8,3,Outer Richmond,531110,"1376 - 1392 Union Street, San Francisco, Ca 94109 | 1539 Greenwich Street, San Francisco, Ca 94123 | 1714-1728 Filbert Street, San Francisco, Ca 94123","Po Box 591540, San Francisco, 94159","1539 Greenwich St, San Francisco | 1731 Chestnut St, San Francisco | 3025 Steiner St, San Francisco"
Romel California LLC,8,3,"Inner Richmond, Nob Hill",531110,1 Toledo Way | 1385 Clay Street | 1391 8th Avenue,"400 S El Camino Real Ste 760, San Mateo, 94402","1 Toledo Way, San Francisco | 1385 Clay St, San Francisco | 1391 8th Ave, San Francisco"
Talmage Oa Co Inc Bruenn,8,3,Haight Ashbury,531110,1961 Filbert Rentals | 21-23 Beulah St Apts | 769-771 Cole St Apartments,"Po Box 591540, San Francisco, 94159","1961 Filbert St, San Francisco | 21 Beulah St, San Francisco | 769 Cole St, San Francisco"
Charge Partners LLC,7,5,"Mission, Outer Richmond",531110,2562 Post Street | 460 Lyon Street San Francisco Ca | 511 Lv,"Po Box 71509, Oakland, 94612","1100 8-14 Nobles Aly, San Francisco | 2562 Post St, San Francisco | 332 19th Ave #334, San Francisco"
Golden Properties LLC,7,5,,531110,2033-37 Oak Street | 2059 Golden Gate Avenue | 421 Arguello Blvd,"2170 Sutter St, San Francisco, 94115","1052 -105 Folsom St #, San Francisco | 1060 Folsom St, San Francisco | 1125 Folsom St, San Francisco"
Industrious National Management Company LLC,7,5,,531390,Industrious 525 Market Amenity Management LLC | Industrious Sf 1700 Montgomery Street LLC | Industrious Sf 255 California Street LLC,"228 Park Ave S Unit 54351, New York, 10003","1700 Montgomery St Ste 108, San Francisco | 228 Park S Ave Unit 543, New York | 228 Park S Ave, New York"
Rosano Properties LLC,7,5,Haight Ashbury,531110,570 Union Street San Francisco Ca | 6026 California Street San Francisco Ca 94121 | 739 36th Ave San Francisco Ca 94121,"430 Bay Shore Blvd, San Francisco, 94124","1841 Chestnut St, San Francisco | 2130 Jackson St, San Francisco | 2150 Jackson St, San Francisco"
Agentdesks Incorporated,7,3,,531210,1 Vision Properties | 1 Vision Real Estate | 1 Vision Real Estate Group,"1160 Battery St # 100ste, San Francisco, 94111","1160 Battery E St Bldg 100, San Francisco | 1160 Battery E St Ste 100, San Francisco | 1160 Battery Se St Ste 100, San Francisco"
Angstenberger Manfred,7,3,,531110,115 Gough St | 1355 Willard | 25 Hugo Street,"1407 5th Ave, San Francisco, 94122","115 Gough St, San Francisco | 1355 Willard St, San Francisco | 25 Hugo St, San Francisco"
Christoforidis Andreas,7,3,,53,1168 Bryant St Bldg | 1275 Thomas Ave Bldg | 1665 Quesada Ave Bldg,"1775 Egbert Ave, San Francisco, 94124","1168 Bryant St, San Francisco | 1275 Thomas Ave, San Francisco | 1665 Quesada Ave, San Francisco"
Daniel S. Hoshiyama,7,3,Haight Ashbury,531110,Daniel S. Hoshiyama,"1436 Moraga St, San Francisco, 94122","131 Hugo, San Francisco | 1350 11 Ave, San Francisco | 1418 La Playa, San Francisco"
Haramis Peter & Maria,7,3,Noe Valley,531110,160 Church St Bldg | 1750 Church St Building | 256 Columbus Ave Building,"90 Santa Paula Ave, San Francisco, 94127","160 Church St, San Francisco | 1750 Church St, San Francisco | 256 Columbus Ave, San Francisco"
Lapidos Jack M,7,3,"Mission, Nob Hill",531110,1254-1256 Fell St Apts | 2064-2068 Golden Gate Av Apts | 3000 Pine Street Apts,"2424 Pine St, San Francisco, 94115","1254 Fell St, San Francisco | 2064 Golden Gate Ave, San Francisco | 3000 Pine St, San Francisco"
Scher Daniel,7,3,"Haight Ashbury, Nob Hill",531110,Sugar Plum Properties,"1569 Solano Ave, Berkeley, 94707","1053 Bush St, San Francisco | 201 Steiner St, San Francisco | 2245 Larkin St, San Francisco"
Sim & Yoon LLC,7,3,,53,Sim & Yoon Corporation | Sim & Yoon LLC | Sim &V Yoon LLC,"5758 Geary Blvd Unit 236, San Francisco, 94121","1601 Fillmore St, San Francisco | 1700 Post St, San Francisco | 1702 Post St, San Francisco"
Sunhill Enterprises Lp,7,3,Nob Hill,53,665 Chestnut | Office Building | Sunhill Enterprises Lp,"147 Lomita Dr # Gste, Mill Valley, 94941","1414 Van Ness Ave, San Francisco | 1515 Scott St, San Francisco | 2201 Post St #2211, San Francisco"
T & A Drolapas & Sons L.P.,7,3,"Mission, Noe Valley, Outer Richmond",531110,1705 Church St Bldg | 3380 21st St Apts | 3606 18th St Apts,"611 Santa Florita Ave, Millbrae, 94030","1705 Church St, San Francisco | 3380 21st St, San Francisco | 3606 18th St, San Francisco"
Weyman Lee,7,3,,531312,Lee/Su Family Corporation,"1729 11th Ave, San Francisco, 94122","1280-1286 Green St, San Francisco | 1919 Hyde St, San Francisco | 1921 Hyde St, San Francisco"
Wong Donna,7,3,Nob Hill,53,1143-1151 Bay St Apartments | 1539 Clay St Apartments | 1745 Washington St Apartments,"275 Marina Blvd, San Francisco, 94123","1143 Bay St, San Francisco | 1539 Clay St, San Francisco | 1745 Washington St, San Francisco"
Community Housing Partnership,6,5,,531110,Cambridge Apartments | Homerise | Iroquois Hotel,"Po Box 237, San Francisco, 94104","1000 Market St, San Francisco | 473 Ellis St, San Francisco | 519 Ellis St # 200, San Francisco"
Frank Properties (Commercial),6,5,Inner Richmond,53,1345 Noriega | 1728 Noriega | 22 Cleveland,"311 S Ellsworth Ave, San Mateo, 94401","1345 Noriega St, San Francisco | 1728 Noriega St, San Francisco | 22 Cleveland St, San Francisco"
H/S Partners II Lp,6,5,Nob Hill,53,1875 California Street | 585 Page Street | 757 Leavenworth Street,"1704 Union St, San Francisco, 94123","1350 Pine St, San Francisco | 1372 Pine St, San Francisco | 1704 Union St, San Francisco"
Hfb Properties Lp,6,5,Nob Hill,531110,Hfb Properties Headquarters | Hfb Properties Lp,"2308 Edwards St, Berkeley, 94702","2308 Edwards St, Berkeley | 535 Geary St, San Francisco | 627 Taylor St, San Francisco"
Home Realty,6,5,"Mission, Nob Hill",531311,1122-1128 Mason St | 1456 Vallejo St | 2206-2216 Polk St,"1757 Union St, San Francisco, 94123","1128 Mason St, San Francisco | 1456 Vallejo St, San Francisco | 1757 Union St, San Francisco"
Rigo Industrial Properties,6,5,Mission,531210,1020 Harrison Bldg | 111/21 New Montgomery Bldg | 1140 Howard St Bldg,"695 De Long Ave Ste 260, Novato, 94945","1020 Harrison St, San Francisco | 111 New Montgomery St, San Francisco | 1140 Howard St, San Francisco"
Sojourn Properties Inc,6,5,Nob Hill,531110,Chase Hotel | Donnelly Hotel | Harcourt Hotel,"1104 Sutter St, San Francisco, 94109","1105 Larkin St, San Francisco | 1105 Post St, San Francisco | 1272 Market St, San Francisco"
Webco Group LLC,6,5,"Haight Ashbury, Nob Hill","53, 531110",Webco Group LLC,"1489 Webster St Ste 232, San Francisco, 94115","1085 Washington St, San Francisco | 121 Broderick St, San Francisco | 155 Haight St, San Francisco"
Alta Laguna LLC,6,3,,531110,Alchemy By Alta,"808 Washington St Ste 500, Vancouver, 98660","100 Waller St, San Francisco | 101 Waller St, San Francisco | 155 Laguna St, San Francisco"
Alvin B Chan Inc,6,3,,"53, 531110",1418 Stockton Property | 1426 Stockton St. | 401-451 Columbus Apts & Bldg,"130 Waverly Pl, San Francisco, 94108","1418 Stockton St, San Francisco | 1426 Stockton St, San Francisco | 401 Columbus Ave, San Francisco"
Broadwell LLC,6,3,,531110,1350-1364 Powell St | 781-799 Broadway St | 819-831 Sacramento St Apts,"635 Vallejo St, San Francisco, 94133","1350 Powell St, San Francisco | 1362 Powell St, San Francisco | 781 Broadway, San Francisco"
Cadgene Allan H,6,3,"Haight Ashbury, Mission",531110,2863 Octavia St | 400 To 410 Cole St Apts | 865 Florida Apts,"2088 Union St, San Francisco, 94123","2088 Union St Ste 1, San Francisco | 2863 Octavia St, San Francisco | 2936 Webster St, San Francisco"
Chang George & Jenny,6,3,,53,1830-1838 Irving Street | Asian American Enterprises,"1929 Irving St 307 Ste, San Francisco, 94122","1307 20th Ave, San Francisco | 1830 Irving St, San Francisco | 1838 Irving St, San Francisco"
Chris Mak,6,3,,531110,Chris Mak,"945 Taraval St, San Francisco, 94116","1392 Funston Ave, San Francisco | 1800 16th Ave, San Francisco | 2131 Grove St, San Francisco"
Compass California II Inc,6,3,Noe Valley,531210,Compass | Compass Commerical | Compass Development,"891 Beach St, San Francisco, 94109","1 Bristol Ct Apt 107, San Francisco | 1699 Van Ness Ave, San Francisco | 3512 16th St, San Francisco"
Deamicis Clement D & Roseanne,6,3,"Nob Hill, Noe Valley",531390,1250 Broderick St Parking | 473 Elizabeth Apts Parking | Trac Properties,"3140 Geary Blvd, San Francisco, 94118","1044 Pine St, San Francisco | 1250 Broderick St, San Francisco | 172 Locksley St, San Francisco"
Dudum Manuel G,6,3,,531110,36 Cervantes Blvd Apts | 765 Burnett Av Apts | 785 Burnett Av Apts,"Po Box 591540 Po Box 591540, San Francisco, 94159","36 Cervantes Blvd, San Francisco | 765 Burnett Ave, San Francisco | 785 Burnett Ave, San Francisco"
Huffman Margaret,6,3,Mission,531110,1105 Guerrero St | 1181 Guerrero St | 177 Fair Oaks St,"260 Fair Oaks St, San Francisco, 94110","1105 Guerrero St, San Francisco | 1181 Guerrero St, San Francisco | 177 Fair Oaks St, San Francisco"
Irving & Mission LLC,6,3,,53,1352 Irving St Bldg | 3151 Mission St Bldg | 3157 Mission St Bldg,"Po Box 591556, San Francisco, 94159","1288 15th Ave, San Francisco | 1352 Irving St, San Francisco | 1368 Irving St, San Francisco"
Jack Lee Fong & Dorothy Der Fong Fam Tr Dated 6/28/1991,6,3,Mission,53,18th Street Rental | 19th Street Rental | 575 Columbus Avenue Residential Rental,"466 Green St Ste 302, San Francisco, 94133","131 Jasper St, San Francisco | 2453 Lombard St, San Francisco | 3428 19th St, San Francisco"
John Healy,6,3,Haight Ashbury,531110,1600 Larkin St | 1801 38th Ave | 2401-2411 Fillmore St.,"0000 Undeliverable Mail, San Francisco, 99999","1600 Larkin St, San Francisco | 2693 Sutter St, San Francisco | 327 -335 23rd Ave #, San Francisco"
Kingsley Sanford,6,3,"Haight Ashbury, Nob Hill",531110,1301 Leavenworth St Apts | 156 Parnassus Ave Apts | 170 Parnassus Ave Apts,"Po Box 190445, San Francisco, 94119","1031 Leavenworth St, San Francisco | 156 Parnassus Ave, San Francisco | 170 Parnassus Ave, San Francisco"
Leung Eugene,6,3,"Haight Ashbury, Noe Valley, Outer Richmond",531110,1043-1049 Noe St Apts | 116-122 Vicksburg St Apts | 291-297 18th Ave Apts,"Po Box 460082, San Francisco, 94146","1043 Noe St #1049, San Francisco | 116 Vicksburg St #122, San Francisco | 291 18th Ave #297, San Francisco"
Mccahill Katherine M,6,3,Noe Valley,531110,Peace Within Getaways,"Po Box 318085, San Francisco, 94131","1604 Sanchez St #4, San Francisco | 1604 Sanchez St #5, San Francisco | 1604 Sanchez St #6, San Francisco"
Mckeever G IIi/Mairi S,6,3,Haight Ashbury,531110,501-503 Ashbury St | 525-529 Irving St Building | 583-591 Haight St Apts,"Po Box 320367, San Francisco, 94132","501 Ashbury St, San Francisco | 525 Irving St, San Francisco | 589 Haight St #593, San Francisco"
Mei Lun Yuen Inc,6,3,,531110,Mei Lun Yuen Inc,"945 Sacramento St, San Francisco, 94108","151 Joice St, San Francisco | 725 Stockton St, San Francisco | 777 Stockton St, San Francisco"
Murphy Marguerita,6,3,"Mission, Noe Valley",531110,1250 Sanchez Street | 1950-1960 Green St | 202-204 Clipper,"236 West Portal Ave, San Francisco, 94127","1250 Sanchez St, San Francisco | 1950 Green St #1960, San Francisco | 202 -204 Clipper St, San Francisco"
Pritchard Robert & Avelina,6,3,"Haight Ashbury, Mission, Noe Valley",53,131-135 Duboce Apts | 135 Clipper St Apts | 165-171 Chattanooga Apts,"Po Box 460042, San Francisco, 94146","131 Duboce Ave, San Francisco | 135 Clipper St, San Francisco | 165 Chattanooga St, San Francisco"
Smithton Robert L,6,3,"Haight Ashbury, Mission, Noe Valley",531110,28-34 Richardson Av Apartments | 2906 Van Ness Ave | 3050 22nd St Apts,"Po Box 591540, San Francisco, 94159","28 Richardson Ave, San Francisco | 2906 Van Ness Ave, San Francisco | 3050 22nd St, San Francisco"
Toboni Joseph P,6,3,Mission,531110,2100 Mission Street LLC | Jt Builders | Oakland Ranch,"3364 Sacramento St, San Francisco, 94118","1165 Bay St, San Francisco | 135 Saint Francis Blvd, San Francisco | 135 St Francis Blvd, San Francisco"
Vaccaro Enterprises Lp,6,3,"Mission, Noe Valley",531110,10 Corwin Street | 1123 Stanyan St Apt | 119 Day St Apt,"Po Box 318130, San Francisco, 94131","10 Corwin St, San Francisco | 1123 Stanyan St, San Francisco | 119 Day St, San Francisco"
Yamagami Dick N,6,3,"Nob Hill, Outer Richmond",531210,1233 9th Avenue | 1314 Polk | 1318 Polk,"1239 9th Ave, San Francisco, 94122","1233 9th Ave, San Francisco | 1314 Polk St, San Francisco | 1318 Polk St, San Francisco"
Dynasty Properties LLC,5,5,,531110,637 Broadway | 637 Broadway St Apts/Bldg | 800-812 Stockton St Apts/Bldg,"466 Green St 302 Ste, San Francisco, 94133","615 Broadway, San Francisco | 637 Broadway St, San Francisco | 641 Broadway St, San Francisco"
Jg Mcnamara Properties LLC,5,5,Mission,531110,Jg Mcnamara Properties LLC | Jg Mcnamara Props LLC,"2388 Post Office Box, La Mesa, 91943","1380 Valencia St # 1384, San Francisco | 1390 Valencia St, San Francisco | 1406 Valencia St, San Francisco"
"Oakwood Stone Apartments, Lp",5,5,Mission,531110,"Oakwood Stone Apartments, Lp","1717 Powell St # 300, San Francisco, 94133","10 Oakwood St, San Francisco | 11 Oakwood St, San Francisco | 1717 Powell St Ste 300, San Franciisco"
"Tmg Partners R.E., LLC",5,5,,531312,Tmg Partners R.E. LLC,"1 Post St Ste 3300, San Francisco, 94104","1 Post St Ste 3300, San Francisco | 149 New Montgomery St, San Francisco | 150 Post St, San Francisco"
Avison Young No California Ltd,5,3,,531210,"Avison Young | Avison Young - Northern California, Ltd.","9550 W Higgins Rd, Rosemont, 60018","388 Market St Ste 1020, San Francisco | 44 Montgomery St 3300, San Francisco | 44 Montgomery St Ste 150, San Francisco"
Baumann John & Baumann Bruce,5,3,Haight Ashbury,531110,Bauman Family Properties Lp | Baumann Family Properties Lp,"Po Box 14635, San Francisco, 94114","1221 Harrison St Rm 22, San Francisco | 175 Clifford Ter, San Francisco | 240 Upper Ter, San Francisco"
Calfox Inc,5,3,,531390,101 Montgomery Bldg | 425 California St | Cahill Equities,"101 Montgomery St Ste 400, San Francisco, 94104","101 Montgomery St #2350, San Francisco | 101 Montgomery St 2350, San Francisco | 101 Montgomery St Ste 2350, San Francisco"
Carl & Alcira Marshall,5,3,Outer Richmond,531110,1711 Lake | 2015 Lincoln Way | 3350 Judah,"Po Box 1090, Millbrae, 94030","1711 Lake St, San Francisco | 2015 Lincoln Way, San Francisco | 3350 Judah St, San Francisco"
Chan David & Pauline,5,3,Inner Richmond,531110,2020 Franklin St | 226 Hugo St Apartment | 3170-3174 Mission St Apts,"272 Shearwater Isle, Foster City, 94404","2020 Franklin St, San Francisco | 226 Hugo St, San Francisco | 3170 Mission St, San Francisco"
Chas J Grisez Co Lp,5,3,,"531110, 531311",Chas J Grisez Co Lp | Chas J. Grisez Co. L.P.,"2430 Chestnut St, San Francisco, 94123","190 Alhambra St, San Francisco | 1900 Beach St, San Francisco | 1945 Jefferson St, San Francisco"
Chin Martin Y,5,3,"Nob Hill, Outer Richmond",531210,Myc Associates | Myc Realty Group,"Po Box P.O. Box 590950, San Francisco, 94159","1259 Polk St, San Francisco | 1405 Bush St, San Francisco | 2501 Judah St, San Francisco"
David Braun,5,3,"Mission, Outer Richmond",531110,165 Julian Ave | 189 Dolores | 199 Dolores,"2681 18th Ave, San Francisco, 94116","149 Julian Ave, San Francisco | 189 Dolores St, San Francisco | 199 Dolores St, San Francisco"
Donald Soohoo,5,3,Inner Richmond,53,832 Clement Street - Malatang Hot Pot | 836 Clement Street Lime Tree Restuarant | 840 Clement Street Heroes Club,"254 10th Ave, San Francisco, 94118","832 Clement Street St, San Francisco | 836 Clement Street St, San Francisco | 840 Clement Street St, San Francisco"
Drake H Corp,5,3,,531312,1200-1208 Market Bldg | 139-149 Powell Bldg | 151/161 Powell Bldg,"244 Kearny St Fl 3, San Francisco, 94108","1200 Market St, San Francisco | 139 Powell St, San Francisco | 151 Powell St, San Francisco"
Govan Legacy LLC,5,3,"Haight Ashbury, Inner Richmond",531110,Dba 396-398 Frederick St | Dba 436 Cole Street | Govan Legacy LLC - 300 2nd Ave,"101 Henry Adams St Ste 315, San Francisco, 94103","300 2nd Ave, San Francisco | 396 -398 Frederick St, San Francisco | 41 - 43 Carl St, San Francisco"
Karp Hyman J & Dorothy,5,3,,53,1122-1128 Taraval Bldg | 1911 Ocean Bldg | 2226 Taraval Bldg,"225 Humboldt Rd, Burlingame, 94010","1122 Taraval St, San Francisco | 1911 Ocean Ave, San Francisco | 2226 Taraval St, San Francisco"
Lieberman Irene,5,3,Nob Hill,531110,1000 Sutter St Rentals | 1424 Gough St Rentals | 1499 Sutter St Rentals,"1499 Sutter St, San Francisco, 94109","1000 Sutter St, San Francisco | 1424 Gough St, San Francisco | 1499 Sutter St, San Francisco"
Litke Edward,5,3,Haight Ashbury,531110,Dolores Operations,"Po Box 885373, San Francisco, 94188","115 Steiner St #119, San Francisco | 2245 Sutter St #2249, San Francisco | 484 Frederick St #488, San Francisco"
Litke Jeffrey E & Chu Stella M,5,3,,531110,Polk Street Partners,"3490 California St Ste 206, San Francisco, 94118","1381 Filbert St, San Francisco | 1383 Filbert St, San Francisco | 2460 Polk St, San Francisco"
Man Lui Lai & Chan Chee Heung,5,3,"Mission, Outer Richmond",531110,16 Waverley Pl Apts | 1833 Filbert St Apartments | 3007 20th St Apts,"355 Panorama Dr, San Francisco, 94131","16 Waverly Pl, San Francisco | 1833 Filbert St, San Francisco | 3007 20th St, San Francisco"
Margaret Huffman,5,3,Mission,531110,1012 Guerrero St | 1148 Guerrero St | 245 Chenery St,"260 Fair Oaks St, San Francisco, 94110","1012 Guerrero St, San Francisco | 1148 Guerrero St, San Francisco | 245 Chenery St, San Francisco"
Maureen Chen,5,3,Outer Richmond,531110,Maureen Chen,"100 Green St, San Francisco, 94111","144 Sanchez St, San Francisco | 205 Collins St, San Francisco | 232 17th Ave, San Francisco"
One Thousand Green Co,5,3,,531110,1000 Green Apts | 1529-1599 Custer Building | 1550-1580 Davidson Bldg,"0000 Undeliverable Mail, San Francisco, 99999","1000 Green St, San Francisco | 131 Quint St, San Francisco | 1529 Custer Ave, San Francisco"
Peter Chin,5,3,,531110,1367 - 1369 Rhode Island | 3632 - 3634 16th St. | 4943 - 4949 17th St.,"4947 17th St, San Francisco, 94117","16th St Apt 4, San Francisco | 17th St Dept 4, San Francisco | 28th Ave Apt 6, San Francisco"
"Ping Yuen, L.P.",5,3,,531110,Central Ping Yuen | Ping Yuen East | Ping Yuen Lp,"615 Grant Ave, San Francisco, 94108","1525 Grant Ave, San Francisco | 655 Pacific Ave, San Francisco | 711 Pacific Ave, San Francisco"
Qiu Qi Hang,5,3,Outer Richmond,531110,Qi Hang Qiu | Qi Hang Qiu Trust | Qiu Qi Hang,"567 Pine St Ste 201, San Francisco, 94108","4196 Mission St, San Francisco | 4516 Mission St, San Francisco | 4520 Mission St, San Francisco"
"Sf5, LLC",5,3,,531110,"Sf5, LLC","626 El Camino Real, San Carlos, 94070","2775 Market St, San Francisco | 520 Geary St, San Francisco | 525 Leavenworth St, San Francisco"
"Sic-Mcm Sf Apt Jv I, LLC",5,3,Nob Hill,531110,1008 Larkin St Apts | 72 Gough St Apts | 750 O'farrell St Apartment-Residential,"Po Box 1258, Portsmouth, 03802","1008 Larkin St, San Francisco | 72 Gough St, San Francisco | 750 O'farrell St, San Francisco"
Side Inc,5,3,,531210,10 Fold Rest Estate | 10fold Real Estate | 12 Doors,"580 4th St, San Francisco, 94107","466 Brannan St, San Francisco | 508 4th St, San Francisco | 580 4th St, San Francisco"
Simon Maha & Dawod Rantisi,5,3,,531110,4701-05 Mission St Building | Colmax Insurance Agency | Kings Nail,"715 El Camino Real Ste 208, San Bruno, 94066","30 Persia Ave, San Francisco | 40 Persia Ave, San Francisco | 4701 Mission St, San Francisco"
Steve & Irma Asti It LLC,5,3,"Haight Ashbury, Mission",531110,816 Ashbury Apts | 825 Ashbury Street | Steve & Irma Asti It LLC,"1806 Balboa St, San Francisco, 94121","149 Castro, San Francisco | 585 Monterey Blvd, San Francisco | 801 Guerrero, San Francisco"
Yee John,5,3,Inner Richmond,531110,14-24 Clement Apts | 280 Euclid Ave | 570 Filbert St Apts,"570 Filbert St, San Francisco, 94133","14 Clement St, San Francisco | 1767 Stockton St, San Francisco | 280 Euclid Ave, San Francisco"
Bay Properties Inc,4,5,Nob Hill,53,"1440 Jones St | Bay Properties, Inc | Bay Properties, Inc.","Po Box 231, San Mateo, 94401","1440 Jones St, San Francisco | 2330 Polk St, San Francisco | 429 Castro St, San Francisco"
"Broadway Properties, LLC",4,5,Nob Hill,531110,"1330-1342 Polk St. | Broadway Properties, LLC | Broadway Properties,LLC","765 Market St Apt 34h, San Francisco, 94103","1280 10th Ave, San Francisco | 1330 Polk St Apt, San Francisco | 2241 Chestnut St, San Francisco"
David Parker Properties LLC,4,5,"Haight Ashbury, Mission",531110,1060 Cole | 422 Lyon Street | David Parker Properties LLC,"4247 18th St, San Francisco, 94114","1018 Cortland Ave, San Francisco | 1060 Cole St, San  Francisco | 2841 Harrison St, San Francisco"
Extra Space Management Inc,4,5,Mission,531312,Extra Space Management Inc | Extra Space Storage | Extra Space Storage #1368,"2795 E Cottonwood Ste, Salt Lake City, 84121","1400 Folsom St, San Francisco | 1700 Egbert Ave, San Francisco | 190 Otis St, San Francisco"
Hoffman Sf Properties LLC,4,5,"Inner Richmond, Outer Richmond",531110,Hoffman Sf Properties LLC,"10 Crystal Springs Rd 1210, San Mateo, 94402","1365 10th Ave, San Francisco | 1700 Anza St, San Francisco | 2715 Cabrillo St, San Francisco"
Keystone Group,4,5,,531390,Keystone Group | Keystone Group LLC,"1401 21st St Ste R, Sacramento, 95811","1233 Folsom St, San Francisco | 1237 Folsom St, San Francisco | 2135 Market St, San Francisco"
Leon Wong Company Inc,4,5,,531110,3910 Sacramento St Apts | 544-548 Green St Apts | 548 Green St Commercial Unit,"749 Filbert St, San Francisco, 94133","3910 Sacrament0 St, San Francisco | 544 Green St, San Francisco | 548 Green St, San Francisco"
Magnolia Properties Inc,4,5,,531110,2940 Fillmore Street Apartments | 3360 Octavia St Apartments | 3775 Fillmore St Apartments,"Po Box 470065, San Francisco, 94147","2940 Fillmore St Bldg, San Francisco | 3360 Octavia St, San Francisco | 3775 Fillmore St, San Francisco"
Mckeever Properties A California General Partnership,4,5,Mission,531110,10 Gardenside Dr San Francisco | 1201 Dolores San Francisco | 1955 Jefferson St San Francisco,"Po Box 320367, San Francisco, 94132","10 Gardenside Dr, San Francisco | 1201 Dolores St, San Francisco | 1955 Jefferson St, San Francisco"
Meier Vidovich Partners,4,5,,531110,Bluxome Place Apartments | John Vidovich | Kathy Tomaino,"960 N San Antonio Rd Ste 114, Los Altos, 94022","1 Bluxome Pl, San Francisco | 1 Bluxome St, San Francisco | 650 4th St, San Francisco"
"Mhdc South Park Properties, L.P.",4,5,Mission,53,"Mhdc South Park Properties Lp | Mhdc South Park Properties, L.P.","474 Valencia St 280 Ste, San Francisco, 94103","102 S Park St, San Francisco | 106 S Park St, San Francisco | 22 S Park St, San Francisco"
Millennium Partners Mgmt LLC,4,5,,53,Millennium Partners Marketing | Millennium Partners Mgmt | Millennum Partners Mgmt,"1995 Broadway Fl 3, New York, 10023","1425 Brickell Ave, Miami | 1995 Broadway Fl 3, New York | 2 Avery St, Boston"
Morley Fredericks Real Estate Inc.,4,5,,531311,Morley Fredericks Real Estate Inc.,"1414 4th St Ste 200b, San Rafael, 94901","124 Waverly Pl, San Francisco | 225 Ellis St, San Francisco | 686 Broadway, San Francisco"
Rupert Pupkin Properties,4,5,Mission,531110,Rupert Pupkin Properties,"2953 Fillmore St, San Francisco, 94123","1151 -61 South Van Ness, San Francisco | 1715 -17 Mcallister St, San Francisco | 316 Valencia St, San Francisco"
Sams Management Co. Lp,4,5,Mission,531110,1159 Howard Street | 1169 Howard Street | 2625 Franklin Street,"2354 Pine St, San Francisco, 94115","1159 Howard St, San Francisco | 1169 Howard St, San Francisco | 2625 Franklin St, San Francisco"
"Sares Regis Management Co., Lp",4,5,Nob Hill,531311,333 Fremont | Etta | Strata At Mission Bay,"3501 Jamboree Rd 3000, Newport Beach, 92660","1155 4th St, San Francisco | 1201 4th St, San Francisco | 1285 Sutter St, San Francisco"
"Sf Apartments Trs, LLC",4,5,"Haight Ashbury, Nob Hill",531110,"Broderick 900 Owner, Lp | Mission 5519 Owner, Lp | Post 798 Owner, Lp","1258 Po Box, Portsmouth, 03802","1585 Waller St, San Francisco | 5519 Mission St, San Francisco | 798 Post St, San Francisco"
Transwestern Property Company West LLC,4,5,,531210,Transwestern | Transwestern Real Estate Services | Trs,"11720 Katy Freeway Fwy Ste 400, Houston, 77079","123 Mission St, San Francisco | 475 Brannan St, San Francisco | 49 Geary St, San Francisco"
Vanguard Properties Inc,4,5,Mission,531210,Dba  Vanguard Properties - Larkspur | Dba Vanguard Commercial | Dba Vanguard Properties - Castro,"2501 Mission St, San Francisco, 94110","1801 Fillmore St, San Francisco | 199 New Montgomery St Stop F, San Francisco | 2501 Mission St, San Francisco"
Vic Strategic Multifamily Partners Lp,4,5,Mission,531110,1019 Golden Gate I1 Lp | 2385 Folsom I1 Lp | 3605 20th I1 Lp,"Po Box 1258, Portsmouth, 03802","1819 Golden Gate Ave, San Francisco | 2385 Folsom St, San Francisco | 268 Bush St # 1688, San Francisco"
27th Avenue & Mission LLC,4,3,Outer Richmond,53,222 27th Avenue Apt Bldg | 4567 Mission St Commercial Bldg | A & 8 Salon,"5429b Geary Blvd, San Francisco, 94121","222 27th Ave, San Francisco | 4567 Mission St, San Francisco | 4569 Mission St, San Francisco"
A Ramazzotti Plumbing Inc,4,3,,"531311, 531312",1465 Vallejo St Apts | 1467 Vallejo Street Commercial | 1475 Vallejo St Apts,"100 Walnut Ave, Corte Madera, 94925","1465 Vallej0 St, San Francisco | 1467 Vallejo St, San Francisco | 1473 Vallejo St, San Francisco"
"Aibi, Inc",4,3,,531110,86 29th Street | 94 29th Street | Aibi Inc (96 29th Street),"Po Box 591016, San Francisco, 94159","695 San Jose Ave, San Francisco | 88 29th St, San Francisco | 92 29th St, San Francisco"
Braby Edward Paul Dr,4,3,,531110,1495 Golden Gate Apartments | 181 Franklin St Bldg | 1970 15th St Apts,"Po Box 14128, San Francisco, 94114","1495 Golden Gate Ave, San Francisco | 181 Franklin St, San Francisco | 1970 15th St, San Francisco"
Buckhart Norman C Et Al,4,3,,531110,California Street Complex | Stanford Apartments,"1717 Powell St Ste 300, San Francisco, 94133","3149 California St, San Francisco | 3151 California St, San Francisco | 3165 California St, San Francisco"
Carpeneti Richard,4,3,"Nob Hill, Noe Valley",531110,1747 Mcallister St Apts | 640-646 Douglass Apts | Carpeneti & Carpeneti,"2443 Fillmore St # 271, San Francisco, 94115","1747 Mcallister St, San Francisco | 640 Douglass St #646, San Francisco | 640 Douglass St, San Francisco"
Carrico Tim,4,3,Haight Ashbury,531110,1000 Oak St Apts | 1366 Haight St Apts | 1387 Hayes St Apts,"714 Van Ness Ave, San Francisco, 94102","1000 Oak St, San Francisco | 1366 Haight St, San Francisco | 1387 Hayes St, San Francisco"
Chin James & Linda,4,3,"Nob Hill, Outer Richmond",531110,1324 Pine St Apt | 1657 Clement St Apt | 740-742 Commercial St Apts,"2191 31st Ave, San Francisco, 94116","1324 Pine St, San Francisco | 1657 Clement St, San Francisco | 740 Commercial St, San Francisco"
Chong Hing Co Inc,4,3,,531311,740 Jackson St Apts | 740/742 Jackson Bldg | 742 Jackson Rentals,"740 Jackson St, San Francisco, 94133","740 Jackson St, San Francisco | 742 Jackson St, San Francisco | 848 Grant Ave, San Francisco"
Chung Burk H & Mary,4,3,,531110,848-852 Jackson St Building | 850-52 Jackson St Apartment | 868 Clay St Building,"870b Taraval St, San Francisco, 94116","848 Jackson St, San Francisco | 850 Jackson St, San Francisco | 868 Clay St, San Francisco"
Clever Heidi Clever Alex Tr,4,3,Noe Valley,531110,104-108 Ord Street Apts | 3834-3842 Sacramento St Apts | 43 Worth St Bldg,"Po Box 591540, San Francisco, 94159","104 Ord St, San Francisco | 3834 Sacramento St, San Francisco | 43 Worth St, San Francisco"
Cpi/Ballast Sf II Venture LLC,4,3,,531311,15 & 27 Alhambra Street Owner Lp | 2028 Scott Street Owner Lp | 2153 Sacramento Street Owner Lp,"351 California St Fl 14, San Francisco, 94104","15 Alhambra St, San Francisco | 2028 Scott St, San Francisco | 2153 Sacramento St, San Francisco"
Danny Zheng,4,3,Inner Richmond,53,Fame Hair Design | Harvest Wheat Field Bakery | Irving Seafood Market,"1546 Anza St, San Francisco, 94118","2227 Irving St, San Francisco | 431 -433 Clement St, San Francisco | 612 Clement St, San Francisco"
Davis Njb Sf LLC,4,3,Outer Richmond,531390,Davis Njb Sf LLC,"715 Southpoint Blvd # G-1, Petaluma, 94954","5000 -20 Geary Blvd # 20, San Francisco | 5024 -28 Geary Blvd #, San Francisco | 5030 -503 Geary Blvd #, San Francisco"
Elliott Molly J,4,3,Noe Valley,53,123 Sanchez St Apts | 125 Sanchez St Apts | 30 Grand View Ave Apts,"495 Grand View Ave Apt 12, San Francisco, 94114","123 Sanchez St, San Francisco | 125 Sanchez St, San Francisco | 30 Grand View Ave, San Francisco"
Erpen Gustav & Betty,4,3,Noe Valley,531110,2323 Van Ness Av Apts | 2325 Van Ness Apts | 2327 Van Ness Apartments,"940 Hayne Rd, Hillsborough, 94010","2323 Van Ness Ave, San Francisco | 2325 Van Ness Ave, San Francisco | 2327 Van Ness Ave, San Francisco"
Fain Alexander,4,3,"Haight Ashbury, Inner Richmond",53,203-205 4th Avenue | 301 Cornwall Street | 319-323 Willard North,"1588 Fulton St, San Francisco, 94117","203 4th Ave #205, San Francisco | 219-323 Willard North, San Francisco | 301 Cornwall St, San Francisco"
Faziola Richard J & Hilda,4,3,Inner Richmond,531110,Faziolas Apts,"532 Huron Ave, San Francisco, 94112","11 Naglee Ave, San Francisco | 267 11th Ave, San Francisco | 35 Naglee St, San Francisco"
First Development Corporation,4,3,,531312,1019 Stockton St Bldg | 1019-1027 Stockton Apartments | 233-241 Sansome St Building,"233 Sansome St Ste 1088, San Francisco, 94104","1019 Stockton St, San Francisco | 233 Sansome St, San Francisco | 4 Columbus Ave, San Francisco"
Fukuda & Michisukk Etal,4,3,Noe Valley,531110,2506 Polk St Apartments | 4236-4242 25th St Apartments | 643-647 Castro St,"587 Castro St, San Francisco, 94114","1084 Noe St #88, San Francisco | 2506 Polk St, San Francisco | 4236 25th St, San Francisco"
Giampaolo Boschetti,4,3,Mission,531110,Giampaolo Boschetti | Paul Boschetti,"955 Prague St, San Francisco, 94112","1286 Guerrero St, San Francisco | 1637 Pierce St, San Francisco | 1901 Taylor St, San Francisco"
Golden Century Lp,4,3,,531110,1180 Filbert Street Apartments | 1440 Clay St Apts | 2045 California Street Apartments,"Po Box 641041, San Francisco, 94164","1180 Filbert St, San Francisco | 1440 Clay St, San Francisco | 2045 California St, San Francisco"
Golden Gateway Center Spe,4,3,,531110,The Gateway | The Gateway - Vista North | The Gateway - Vista South,"460 Davis Ct, San Francisco, 94111","155 Jackson St, San Francisco | 405 Davis Ct, San Francisco | 460 Davis Ct, San Francisco"
Guerrero Espinoza,4,3,Mission,531110,3331-3339 17th St | 3460-3464 18th St | 5598 Mission St,"3 Pisa Ct, South San Francisco, 94080","17th St, San Francisco | 18th St, San Francisco | 5598 Mission St, San Francisco"
Guinnane Construction Co Inc,4,3,,531311,1201 14th Ave Apt | 2550-2560 Geary Bl Apt | 357 Upper Terrace Apt,"1277 Ulloa St, San Francisco, 94116","1201 14th Ave, San Francisco | 2550 Geary Blvd, San Francisco | 357 Ulloa St, San Francisco"
"Guntren Lofts Partnership, Lp",4,3,,531110,"Guntren Lofts Partnership, Lp","Po Box 370279, Montara, 94037","2111 26th St, San Francisco | 2121 26th St, San Francisco | 2131 26th St, San Francisco"
Hahn Brit,4,3,"Mission, Noe Valley",531110,39-43 Pearl St Apartments | 429 28th St Apts | 45-47 Pearl St Bldg,"58 West Portal Ave, San Francisco, 94127","39 Pearl St, San Francisco | 429 28th St, San Francisco | 45 Pearl St #47, San Francisco"
Henry & Frances Gage Lp,4,3,,531110,1885 Golden Gate Ave | 2232 Judah St San Francisco Ca 94122 | 627 Page St Apts,"Po Box 1208, Santa Clara, 95052","1885 Golden Gate Ave, San Francisco | 2232 Judah St, San Francisco | 627 Page St, San Francisco"
Howard Jow,4,3,"Inner Richmond, Nob Hill",531110,2250-2254 Taraval St Building | 2250-54 Taraval St Building | 385 7th Ave Apartments,"1964 10th Ave, San Francisco, 94116","2250 Taraval St, San Francisco | 385 7th Ave, San Francisco | 727 Leavenworth St, San Francisco"
Jeffrey Litke Rev Trst Dated 7/1/2004,4,3,,531110,1990 California St Apts | 2085 Sacramento Building | 2285 Bay St Apts,"3490 California St Ste 206, San Francisco, 94118","1990 California St, San Francisco | 2085 Sacramento St, San Francisco | 2285 Bay St, San Francisco"
Joal LLC,4,3,"Haight Ashbury, Inner Richmond",531110,1230 - 1232b Willard Street | 144-150 Carl Street | 480 8th Avenue,"611 Clement St, San Francisco, 94118","1230 - 12 Willard St, San Francisco | 144 Carl St, San Francisco | 480 8th Ave, San Francisco"
Jolish Limited Partnership,4,3,Mission,53,3012 16th Street | 3030 16th Street | 83 Wiese Street,"319 Panorama Dr, San Francisco, 94131","3012 -302 16th St, San Francisco | 3030 16th St, San Francisco | 319 Panorama Dr, San Francisco"
Koo Ming D & Manling Har H,4,3,Nob Hill,531110,1345 Sacramento St Apartments | 1471 Jackson St Apartments | 1580 Jackson Apts,"988 Union St Apt 301, San Francisco, 94133","1345 Sacramento St, San Francisco | 1471 Jackson St, San Francisco | 1580 Jackson St, San Francisco"
Lee Donald O,4,3,"Inner Richmond, Nob Hill",531110,1015-1019 Washington Street | 631-633 3rd Avenue Apts | 750-760 Filbert Apts,"1928 Santiago St, San Francisco, 94116","1015 Washington St, San Francisco | 631 3rd Ave #633, San Francisco | 750 Filbert St, San Francisco"
Lee On Dong Assn,4,3,Mission,53,109 Waverly Bldg | 1101-1023 Taraval St Bldg | 2687-2689 Mission Bldg,"915 Grant Ave, San Francisco, 94108","109 Waverly Pl, San Francisco | 1101 Taraval St, San Francisco | 2687 Mission St, San Francisco"
Lee Tommy,4,3,,53,5500 Mission Street,"259 Broad St, San Francisco, 94112","199 Foote Ave, San Francisco | 5500 Mission St, San Francisco | 5502 Mission St, San Francisco"
Leon Wong Co Inc,4,3,,531110,3910 Sacramento Apts | 456 Green Apts | 544-548 Green St Apts,"749 Filbert St, San Francisco, 94133","3910 Sacramento St, San Francisco | 456 Green St, San Francisco | 544 Green St, San Francisco"
Leong Roberto & Maria,4,3,Inner Richmond,531110,1446 Funston Ave | 1474 23rd Ave | 1538 23rd Ave,"1585 15th Ave, San Francisco, 94122","1446 Funston Ave, San Francisco | 1474 23rd Ave, San Francisco | 1538 23rd Ave, San Francisco"
Link Kurt,4,3,"Inner Richmond, Mission",531390,3140 Geary Blvd Bldg | Link Properties,"3140 Geary Blvd, San Francisco, 94118","190 11th Ave, San Francisco | 201 Hartford St, San Francisco | 2735 Mission St, San Francisco"
Liverant Alex,4,3,Haight Ashbury,531110,Dina Liverant Trust,"30 Conifer Ln, Hillsborough, 94010","2367 Sacramento St, San Francisco | 335 Oak St, San Francisco | 350 Laguna St, San Francisco"
Mario & Kathleen Delucchi Limited Partnership,4,3,,531110,Mario & Kathleen Delucchi Limited Partnership (Pacific) | Mario & Kathleen Delucchi Limited Partnership (Vallejo St) | Mario & Kathleen Delucchi Limited Partnership (Washington),"1140 Oddstad Blvd, Pacifica, 94044","1140 Oddstad Blvd, Pacifica | 1611 Vallejo St, San Francisco | 2240 Pacific Ave, San Francisco"
Marvin A Remmich,4,3,"Inner Richmond, Nob Hill",531110,Ram Properties | Ram Properties - 1440 Sacramento | Ram Properties -145-147 Henry,"701 Saint George Rd, Danville, 94526","1440 Sacramento St, San Francisco | 145 Henry St, San Francisco | 184 Funston Ave, San Francisco"
Mckendrick Randon,4,3,Mission,531110,32 Cleveland St Building | 3257 16th St Apartments | 438-444 Guerrero St Apts,"606 7th Ave, San Francisco, 94118","32 Cleveland St, San Francisco | 3255 16th St, San Francisco | 3257 16th St, San Francisco"
Meislin Kenneth,4,3,"Haight Ashbury, Outer Richmond",531110,1275 Waller St Apts | 1308 Masonic Ave Apts | 510 26th Ave Apts,"Po Box 489, Mill Valley, 94942","1275 Waller St, San Francisco | 1308 Masonic St, San Francisco | 510 26th Ave, San Francisco"
Nguyen Dominic & Jenny,4,3,Mission,53,245-249 14th St Apartments | 550-560 Octavia St Apartments | 765 Ellis St Apartments,"301 Tocoloma Ave, San Francisco, 94134","245 -249 14th St, San Francisco | 301 Tocoloma Ave, San Francisco | 550 -560 Octavia St, San Francisco"
Pegasus Vi Investments LLC,4,3,,531110,Pegasus Vi Investments LLC,"Po Box 10476, Pleasanton, 94588","2200 Turk Blvd, San Francisco | 2210 Turk Blvd, San Francisco | 2220 Turk Blvd, San Francisco"
Perez Miguel,4,3,Mission,531110,14 Liberty St Apartments | 2261-2263 Mission Building | 928-940 Valencia Rentals,"906 Larkspur Dr, Millbrae, 94030","14 Liberty St, San Francisco | 2261 Mission St, San Francisco | 928 Valencia St, San Francisco"
Pritchard Avelina,4,3,"Haight Ashbury, Mission, Noe Valley",53,131-135 Duboce Ave Apts | 135 Clipper St Apts | 1865 Oak St,"2200 9th Ave, San Francisco, 94116","131 -135 Duboce Ave, San Francisco | 135 Clipper St, San Francisco | 1865 Oak St, San Francisco"
Rally Dean Tami,4,3,Inner Richmond,531311,405 12th Ave | 4801 Geary Blvd #101-A | 4801 Geary Blvd #101-B,"1193 Church St, San Francisco, 94114","405 12th Ave, San Francisco | 4801 Geary Blvd # 101-A, San Francisco | 4801 Geary Blvd # 101-C, San Francisco"
Rando Maria,4,3,Outer Richmond,53,1801-1811 Clement St Bldg | 2011 Clement St Apartments | 5950 California St Apartments,"139 23rd Ave, San Francisco, 94121","1801 Clement St, San Francisco | 2011 Clement St, San Francisco | 5950 California St, San Francisco"
Raul Arriaza,4,3,"Haight Ashbury, Nob Hill",531110,1144 Clay St. | 1144 Masonic Ave. | 16th St 3356-60,"600 Portola Dr # 608, San Francisco, 94127","1144 Clay St, San Francisco | 1144 Masonic Ave, San Francisco | 2061 Powell St, San Francisco"
Richard J. Modolo,4,3,,"53, 531110",1733 Mcallister | 488-498 30th St. | 501 Cortland Ave,"0000 Undeliverable Mail, San Francisco, 99999","1733 Mcallister St, San Francisco | 30th St, San Francisco | 501 Cortland Ave, San Francisco"
Richard Thomas,4,3,,531110,1265 Girard Ave | 1316-1322 Mariposa | 653-657 Bay Street,"Po Box 877, San Leandro, 94577","1265 Girard, San Francisco | 1316 Mariposa, San Francisco | 3300 Kempton, Oakland"
Romel Sfapt LLC,4,3,Nob Hill,531110,1650 California St Apts | 2101 Bay Street | 3475 16th St,"400 S El Camino Real Ste 760, San Mateo, 94402","1650 California St, San Francisco | 2101 Bay St, San Francisco | 3475 16th St, San Francisco"
Sainez Remberto,4,3,Mission,531110,136 Guerero St | 2461-2467 Bryant St Apts | 3848 Sacramento St,"Po Box 410742, San Francisco, 94141","136 Guerrero St, San Francisco | 2461 Bryant St, San Francisco | 3848 Sacramento St, San Francisco"
Samuel S. Luk,4,3,"Inner Richmond, Outer Richmond",531110,101 Lincoln Way Apts | 247 19th Ave   Apts | 3001 Judah St. Apts,"195 Saint Elmo Way, San Francisco, 94127","195 St. Elmo Way, San Francisco | 247 19 Th Ave, San Francisco | 443 7 Th Ave, San Francisco"
Schlesinger Edward And Brian,4,3,Mission,53,3179 23rd St Apts | 3250 Webster | 44 Cervantes,"311 S Ellsworth Ave, San Mateo, 94401","3179 23rd St, San Francisco | 3250 Webster St, San Francisco | 3665 Fillmore St, San Francisco"
Semonian Irene,4,3,,531110,1100-1104 Irving St Bldg | 1301-1315 - 16th Ave Apts | 715 Irving St Bldg,"4444 Geary Blvd Ste 100, San Francisco, 94118","1100 Irving St, San Francisco | 1301 16th Ave, San Francisco | 715 Irving St, San Francisco"
Seven Hills Sf LLC,4,3,,531110,2080 Gough Street | 2356 Pine Street | 2635 Fillmore St,"2354 Pine St, San Francisco, 94115","2080 Gough St, San Francisco | 2356 Pine St, San Francisco | 2635 Fillmore St, San Francisco"
Simply Urban LLC,4,3,Mission,53,1150-1152 S Vanness Ave | 126-128 Coleridge St | 2576-2582 Chestnut St,"500 Masonic Ave Ste B, San Francisco, 94117","1150 S Vanness Ave, San Francisco | 126 Coleridge St, San Francisco | 2576 Chestnut St, San Francisco"
Tappe Julius M,4,3,Nob Hill,531110,1114 Sutter Apts | 1530 Green Apts | 956 Post Apts,"4444 Geary Blvd Ste 100, San Francisco, 94118","1 Opera Plaza, San Francisco | 1114 Sutter St, San Francisco | 1530 Green St, San Francisco"
Teh-Sen Tan & Nancy P.J. Tan,4,3,Noe Valley,531110,37 States St Apt | 3955 17th St Apt | 4220 Army St,"4444 Geary Blvd Ste 100, San Francisco, 94118","1226 Grant Ave, San Francisco | 37 States St, San Francisco | 3955 17th St, San Francisco"
Tien Phong & Duong Kieu,4,3,Mission,53,3270-3274 23rd St Bldg | 40 Gaven St Apts | 5931 Mission St Bldg,"733 Dwight St, San Francisco, 94134","3270 23rd St, San Francisco | 40 Gaven St, San Francisco | 5931 Mission St, San Francisco"
Tov Investments LLC,4,3,,531110,Tov Investments LLC,"423 Broadway # 703, Millbrae, 94030","5210 V 3rd St, San Francisco | 5212 V 3rd St, San Francisco | 5214 V 3rd St, San Francisco"
Wang Yuh Ta,4,3,"Inner Richmond, Outer Richmond",531110,206 Ashton St | 4605 Balboa St | 743 Cabrillo St Apts,"1580 Taraval St, San Francisco, 94116","206 Ashton Ave, San Francisco | 4605 Balboa St, San Francisco | 743 Cabrillo St, San Francisco"
Wendel Herman,4,3,Outer Richmond,531390,2650 Franklin St Apts | 26th Apts | Balboa Apartments,"401 Country Club Dr, San Francisco, 94132","1945 Clay St, San Francisco | 2530 Balboa St, San Francisco | 2650 Franklin St, San Francisco"
William V. Rippe,4,3,Mission,531110,2603 Bryant St Apt | 2829/2847 24th St Bldg | 2835-43-45 24th St,"1806 Balboa St, San Francisco, 94121","2603 Bryant St, San Francisco | 2829 24th St, San Francisco | 2833 24th St, San Francisco"
Wong Fee Chang & Siu Yip,4,3,Inner Richmond,531110,2028 Hyde St Apts | 2035-2041 Taylor St Apts | 427 Chestnut St Apartments,"2408 Jones St, San Francisco, 94133","2028 Hyde St, San Francisco | 2035 Taylor St, San Francisco | 427 Chestnut St, San Francisco"
Wong Nelson,4,3,,531312,Wong Family Management Company | Wong Nelson,"7155 Morningside Dr, Granite Bay, 95746","2145 Union St, San Francisco | 2147 Union St #2151, San Francisco | 220 Estrella Pl, Lincoln"
Wong Wilbert & Sriprathum,4,3,Inner Richmond,53,635 9th Av Apts | Filbert | Grant Ave,"2432 Balboa St, San Francisco, 94121","1350 Grant Ave Apt 1398, San Francisco | 1637 Leavenworth St, San Francisco | 457 Filbert St, San Francisco"
Woo Steven & Carmen,4,3,"Haight Ashbury, Nob Hill, Outer Richmond",531110,1025 Hyde St | 173 Parnassus Ave | 2917 Anza St,"212 20th Ave, San Francisco, 94121","1025 Hyde St, San Francisco | 173 Parnassus Ave, San Francisco | 2917 Anza St, San Francisco"
Yee Ying Benevolent Assn,4,3,,531110,31-37 Spofford St Building | 712 Kearny St Building | Yee Ying Benevolent Association,"35 Spofford St, San Francisco, 94108","2404 19th Ave, San Francisco | 31 Spofford St, San Francisco | 35 Spofford St, San Francisco"
Yuk Leung-Chan,4,3,"Inner Richmond, Outer Richmond",53,Yuk Chun Leung-Chan | Yuk Keung-Chan,"1609 Clement St, San Francisco, 94121","1039 Irving St, San Francisco | 1607 Clement St, San Francisco | 1609 Clement St, San Francisco"
Abuyaghi Properties LLC,3,3,Nob Hill,531110,1005 Jones St Apartments | Abuyaghi Properties LLC,"824 Ellis St, San Francisco, 94109","1005 Jones St, San Francisco | 1690 Green St #1698, San Francisco | 700 Mason St, San Francisco"
Akt Property Company LLC,3,3,,531110,"150 Lombard Street, #708 | 3020-24 Fillmore Street | 3024 Fillmore St","Po Box 472229, San Francisco, 94147","150 Lombard St, San Francisco | 3020 Fillmore St, San Francisco | 3024 Fillmore St, San Francisco"
Barbagelata Realty Company,3,3,,531210,Barbagelata Group | Barbagelata Real Estate | Barbco,"45 West Portal Ave, San Francisco, 94127","2381 Chestnut St, San Francisco | 45 W Portal Ave, San Francisco | 45 West Portal Ave, San Francisco"
Barsha Properties LLC,3,3,,531110,"1515 Jackson St | 1763 Golden Gate Ave | Barsha Properties, LLC","58 West Portal Ave, San Francisco, 94127","1515 Jackson St, San Francisco | 1763 Golden Gate Ave, San Francisco | 5214 F Diamond Heights Blvd #125, San Francisco"
Bay Community Housing L.P.,3,3,Mission,531110,1468 Folsom St | 3444 18th St | Bay Community Housing Lp,"3 Pisa Ct, South San Francisco, 94080","1468 Folsom St, San Francisco | 3444 18th St, San Francisco | 3475 18th St, San Francisco"
Chl International Associates Inc,3,3,,531110,Chl International Associates Inc,"120 Ellis St Apt 104, San Francisco, 94102","120 Ellis St Apt 104, San Francisco | 120 Ellis St Unit 104, San Francisco | 858 Washington St, San Francisco"
Citiscape Prop Mgt Group LLC,3,3,,531311,150 Powell St | 942 Market Street | Citiscape Property Management Group LLC,"3450 3rd St 1a Ste, San Francisco, 94124","150 Powell St, San Francisco | 3450 Third St Ste 1-A, San Francisco | 942 Market St, San Francisco"
Clementina Towers Associates Lp,3,3,,531110,Clementina Towers Associates L P | Clementina Towers Associates Lp,"201 Eddy St, San Francisco, 94102","201 Eddy St, San Francisco | 320 Clementina St, San Francisco | 330 Clementina St, San Francisco"
Delucchi Properties Lp,3,3,,531110,1760 Beach St. | 2035 Filbert St Apts | 566-570 Lombard,"3628 Broderick St, San Francisco, 94123","1760 Beach St, San Francisco | 2035 Filbert St, San Francisco | 566 Lombard St #570, San Francisco"
Dh Real Estate,3,3,,531210,Dh Real Estate,"2443 Fillmore St # 154, San Francisco, 94115","2443 Fillmore St #154, San Francisco | 400 Brannan St Ste 1, San Francisco | 50 Francisco St Ste 265, San Francisco"
Domus Management Company,3,3,,531110,Laurel Gardens | Prince Hall Apts | Thomas Paine Square,"379 Po Box, Lodi, 95241","1086 Golden Gate Ave Ste G, San Francisco | 1170 Mcallister St Apt 405, San Francisco | 1555 Turk St Ofc, San Francisco"
Fb Global Properties,3,3,Mission,531110,Fb Global Properties,"714 Van Ness Ave, San Francisco, 94102","1895 Jackson St, San Francisco | 2188 Mission St #, San Francisco | 3162 16th St # 3166, San Francisco"
Fox Property Management LLC,3,3,Inner Richmond,531110,308 Jessie St Building | 695 3rd Ave Building | 70 4th St Building,"145 Corte Madera Town Ctr # 191, Corte Madera, 94925","308 Jessie St, San Francisco | 695 3rd Ave B, San Francisco | 70 4th St, San Francisco"
Frank Properties,3,3,Nob Hill,"53, 531110",1144 Pine St | 32 Lundy | 740 Monterey,"311 South Ellswoth Ave, San Mateo, 94401","1144 Pine St, San Francisco | 32 Lundy Ln, San Francisco | 740 Monterey Blvd, San Francisco"
Fritz Property Group Inc,3,3,Nob Hill,531110,1055 California St Apartment Complex | Brocklebank Apartments | Brocklebank Garage,"1055 California St, San Francisco, 94108","1000 Mason St, San Francisco | 1045 California St, San Francisco | 1055 California St, San Francisco"
Green & Union Properties Lp,3,3,Outer Richmond,53,2966 Clay St Apts | 430 34th Ave Apts | Green & Union Properties,"1614 Union St, San Francisco, 94123","1614 Union St, San Francisco | 2966 Clay St, San Francisco | 430 34th Ave, San Francisco"
Jl Realty Partners,3,3,,53,Empress | Jl Realty Partners | The Empress,"3145 Geary Blvd # 238, San Francisco, 94118","3145 Geary Blvd #238, San Francisco | 3145 Geary Blvd 3238, San Francisco | 838 Grant Ave, San Francisco"
Kardos Properties LLC,3,3,,531110,1600 Beach Apts | 2011 Vallejo St Apts | 3001 Broderick St Apartments,"775 El Camino Del Mar, San Francisco, 94121","1600 Beach St, San Francisco | 2011 Vallejo St, San Francisco | 3001 Broderick St, San Francisco"
Lafa Partners LLC,3,3,Outer Richmond,531110,"2055-2065 Polk Street, San Francisco, Ca 94109 | Lafa, LLC","1489 Webster St Ste 218, San Francisco, 94115","2055 Polk St #2065, San Francisco | 270 26th Ave, San Francisco | 2847 California St, San Francisco"
Liberty Street Partners,3,3,Mission,531311,Liberty Street Partners,"1 Post St Ste 2100, San Francisco, 94104","3465 21st St, San Francisco | 505 Montgomery St Ste 620, San Francisco | 755 Sanchez St, San Francisco"
M & E Properties,3,3,Mission,531110,M & E Properties,"1801 Sebastian Dr, Burlingame, 94010","1540 Union St, San Francisco | 2230 Geary St, San Francisco | 2541 Folsom St, San Francisco"
Mhd Real Estate LLC,3,3,,531110,132 6th St | Mhd Real Estate LLC,"1792 26th Ave, San Francisco, 94122","132 -136 6th St #, San Francisco | 132 6th St, San Francisco | 6 Po Box, Brisbane"
New Century Management Lfc LLC,3,3,"Nob Hill, Outer Richmond",531110,New Century Management Lfc LLC,"Po Box 320750, San Francisco, 94132","1005 Larkin St, San Francisco | 4425 Cabrillo St, San Francisco | 7710 Geary Blvd, San Francisco"
Np Apartments LLC,3,3,,531110,Northpoint Apartments | Northpoint Apartments (Bldg C) | Np Apartments,"201 Filbert St Ste 100, San Francisco, 94133","2210-2290 Stockton St, San Francisco | 2211 Stockton St, San Francisco | 2310 Powell St #2390, San Francisco"
Presley Properties LLC,3,3,,531312,Marks Property Management,"5674 Sonoma Dr Ste A, Pleasanton, 94566","110 Mendell St, San Francisco | 132 Hawthorne St, San Francisco | 220 Newhall St, San Francisco"
Rc Amore Realtors LLC,3,3,,531110,Rc Amore Realtors LLC,"1863 Wards Creek Rd, Rogue River, 97537","1841 Scott St, San Francisco | 2624 Bush St, San Francisco | 2663 California St, San Francisco"
Rose Wing Properties,3,3,,531110,1498 Vallejo Apts | 1711-1717 Hyde St Apts | 2021-2023 Polk St Apts,"1715 Hyde St, San Francisco, 94109","1498 Vallejo St, San Francisco | 1711 Hyde St, San Francisco | 2021 Polk St, San Francisco"
Sams Management Company Lp,3,3,"Inner Richmond, Mission",531110,1 Cabrillo St | 3001 22nd Street | Rausch & Howard,"2354 Pine St, San Francisco, 94115","1 Cabrillo St, San Francisco | 1155 Howard St, San Francisco | 3001 22nd St, San Francisco"
"Sellai Properties, LLC",3,3,Inner Richmond,53,"Sellai Properties LLC | Sellai Properties, LLC","212 Maynard Street St, San Francisco, 94112","281 8th Avenue Ave, San Francisco | 708 Clement Street St, San Francisco | 714 Clement St #, San Francisco"
"Severo Properties, Inc.",3,3,,531311,Sage Remodeling & Design | Vero Property Management,"2370 Chestnut St Ste 100, San Francisco, 94123","2370 Chestnut St Ofc Offi, San Francisco | 2370 Chestnut St Ofc, San Francisco | 2370 Chestnut St Ste 100, San Francisco"
Sing Properties,3,3,,531110,Sing Properties LLC,"4401 Euclid Ave, Sacramento, 95822","1151 -115 Stockton St #, San Francisco | 1151 Stockton St, San Francisco | 1153 Stockton St 1,2, San Francisco"
Sks Partners LLC,3,3,,531390,"1400 16th Street LLC | Sks Partners LLC | Sks/Prado 2130 Third, LLC","601 California St Ste 1310, San Francisco, 94108","1400 16th St, San Francisco | 2130 3rd St, San Francisco | 601 California St Ste 1310, San Francisco"
Sothebys Intl Realty Inc,3,3,,53,"Sotheby's International Realty, Inc.","650 Madison Ave 2nd Fl, New York, 10022","117 Greenwich St, San Francisco | 2001 Lombard St, San Francisco | 584 Castro St Ste 200, San Francisco"
Sunpacific Partners LLC,3,3,,531110,Sunpacific Partners LLC,"1792 26th Ave, San Francisco, 94122","1792 26th Ave, San Francisco | 4828 Mission St #, San Francisco | 6 Po Box, Brisbane"
Tishman Speyer Properties Lp,3,3,,53,Tishman Speyer Properties Lp,"11 W 42nd St Fl 2, New York, 10036","1 Bush St Ste 450, San Francisco | 595 Market St, San Francisco | 650 California St, San Francisco"
Trade Commercial Group Inc,3,3,,53,Soma Commercial | Trade Commercial Group Inc | University Avenue Partners,"1000 Brannan St Ste 202, San Francisco, 94103","1000 Brannan St #202, San Francisco | 1000 Brannan St Ste 202, San Francisco | 480 2nd St Ste 200, San Francisco"
"Urban Pacific Properties, Inc.",3,3,Mission,531390,Pacific Union Development | Urban Pacific Properties Inc,"601 Van Ness Ave Ste 2000, San Francisco, 94102","1855 Kearny St, San Francisco | 2027 Mission St, San Francisco | 601 Van Ness Ave Ste 2000, San Francisco"
Alemany Properties LLC,2,3,,53,Alemany Properties LLC,"5 Winant Way, Alameda, 94502","1801 Alemany Blvd, San Francisco | 5 Winant Way, Alameda"
Alexis Apartments Of St Patrick's Parish,2,3,,531110,Alexis Apartments,"0000 Undeliverable Mail, San Francisco, 99999","380 Clementina St, San Francisco | 390 Clementina St, San Francisco"
"Allen Community Housing Initiative, LLC",2,3,,531110,"Allen Community Housing Initiative LLC | Allen Community Housing Initiative, LLC","916 Laguna St, San Francisco, 94115","901 Webster St, San Francisco | 916 Laguna St, San Francisco"
Apex Properties Calif St LLC,2,3,,531110,1809 California St Apts | 2730 Sacramento St Apts,"4444 Geary Blvd Ste 100, San Francisco, 94118","1809 California St, San Francisco | 2730 Sacramento St, San Francisco"
Armenta Properties I LLC,2,3,,53,Armenta Properties I LLC,"1808 Broadway, San Francisco, 94109","2550 California St #2554, San Francisco | 2550 California St, San Francisco"
August West Properties,2,3,,531110,August West Properties,"3021 Franklin St, San Francisco, 94123","3021 Franklin St, San Francisco | 63 -67 Douglas St, San Francisco"
Bancal Management Corporation,2,3,,531312,Bancal Management Corporation | Bancal Properties | Bancal Property Management,"1700 Montgomery St Ste 108, San Francisco, 94111","1700 Montgomery St Ste 108, San Francisco | 220 Jackson St Ste 300, San Francisco"
Batshon Real Estate Company,2,3,,53,Bloc Real Estate & Construction | N\A,"1245 Tartan Trail Rd, Hillsborough, 94010","1360 09 Ave Bldg 4, San Francisco | 2346 33rd Ave, San Francisco"
Bayanihan Partners A Ca Lp,2,3,,531110,Bayanihan House | Bayanihan Partners,"230 4th St, San Francisco, 94103","105 7th St, San Francisco | 88 6th St, San Francisco"
Bethany Center Senior Housing,2,3,Mission,531110,Bethany | Bethany Center | Ruth's Table,"800 N Brand Blvd Fl 19, Glendale, 91203","3160 21st St, San Francisco | 580 Capp St, San Francisco"
"Blackbird Real Estate, LLC",2,3,Mission,531110,1526 Filbert | 456 14th St,"1690 Filbert St Ste A, San Francisco, 94123","1526 Filbert St, San Francisco | 456 14th St, San Francisco"
Blueport Properties LLC,2,3,Haight Ashbury,531110,Blueport Properties LLC (1429-1431 14th Ave) | Blueport Properties LLC (53-55 Downey St),"162 Po Box, Carnelian Bay, 96140","1429 14th Ave, San Francisco | 53 Downey St, San Francisco"
Broadway Sansome Associates Lp,2,3,,531110,Broadway Sansome Associates Lp,"615 Grant Ave, San Francisco, 94108","1525 Grant Ave, San Francisco | 255 Broadway St, San Francisco"
"Brocato Keenan Prop Group, LLC",2,3,,531110,2395 Francisco Street | 25 Cervantes,"4444 Geary Blvd Ste 100, San Francisco, 94118","2395 Francisco St, San Francisco | 25 Cervantes Blvd, San Francisco"
Bush Street Apartment Group Lp,2,3,Nob Hill,531110,Bush St Apt Group | Bush St Apt Group Lp,"100 Green St, San Francisco, 94111","1000 Bush St, San Francisco | 1010 Bush St, San Francisco"
Cal Realty & Land Inc,2,3,,531210,Cal Realty & Land Inc | Usps Excelsior Station,"916 Stockton St, San Francisco, 94108","15 Onondaga Ave, San Francisco | 916 Stockton St #10, San Francisco"
Capital Pacific Partners,2,3,,531210,Capital Pacific Partners | Cp Partners,"550 California St Ste 930, San Francisco, 94104","2 Embarcadero Ctr Ste 1440, San Francisco | 550 California St Ste 930, San Francisco"
Capurro Properties Series C,2,3,,531110,866 Green Street Apts | 874-876 Green St Apts,"408 Columbus Ave Ste 5, San Francisco, 94133","408 Columbus Ave Ste 5, San Francisco | 874 -876 Green St, San Francisco"
Caritas Management Corp,2,3,Mission,531311,480 Valencia Associates | Caritas | Caritas Management,"1358 Valencia St, San Francisco, 94110","1358 Valencia St, San Francisco | 440 Valencia St, San Francisco"
Carroll Avenue Senior Homes Lp,2,3,,531110,Carroll Avenue Senior Homes Lp | Dr. George W. Davis Senior Res,"0000 Undeliverable Mail, San Francisco, 99999","1751 Carroll Ave, San Francisco | 4055 Laclede Ave Apt 124, St Louis"
Cathedral Hill Associates Lp,2,3,,531110,"1333 Gough St Apts | 1333 Gough St Bldg | Cathedral Hc, LLC","1333 Gough St, San Francisco, 94109","1200 Gough St, San Francisco | 1333 Gough St, San Francisco"
Chad Mitchell Associates Inc,2,3,Mission,531210,Chad Mitchell Associates Inc | Chad Mitchell Associates Inc.,"858 Florida St, San Francisco, 94110","735 Montgomery St 450, San Francisco | 858 Florida St, San Francisco"
"Cibas Properties, LLC",2,3,"Haight Ashbury, Nob Hill",531110,"112 Parnassus Ave Apartments | 1121 Bush St. San Francisco, Ca 94109","Po Box 60226, Palo Alto, 94306","112 Parnassus Ave, San Francisco | 1121 Bush St, San Francisco"
"Citywide Properties, Inc.",2,3,"Haight Ashbury, Outer Richmond",531311,Citywide Properties | Citywide Property Management,"5517 California St, San Francisco, 94121","518 Waller St, San Francisco | 5517 California St, San Francisco"
Clee Property LLC,2,3,Outer Richmond,531110,Clee Property LLC,"4444 Geary Blvd Ste 100, San Francisco, 94118","11 Wood St, San Francisco | 2738-50 Balboa St, San Francisco"
Clyde Properties LLC,2,3,Nob Hill,53,"Clyde Properties, LLC","1101 Sutter St, San Francisco, 94109","1101 Sutter St, San Francisco | 2 Clyde St, San Francisco"
Colton Commercial Partners Inc,2,3,,531210,"Colton Commercial & Partners, Inc. | Colton Commercial Partners Inc","530 Bush St Ste 800, San Francisco, 94108","530 Bush St Ste 800, San Francisco | 565 Commercial St #400, San Francisco"
Constellation Group,2,3,Haight Ashbury,531110,Constellation Group | Constellation Group LLC,"220 Montgomery St 1900 Ste, San Francisco, 94104","625 Haight St, San Francisco | Haight St, San Francisco"
Cooper Pugeda Management Inc,2,3,Mission,531110,138-140 Clinton Park Apts | Cpm Constructors | Cpm Environmental,"Po Box 27628, San Francisco, 94127","138 Clinton Park, San Francisco | 65 Mccoppin St, San Francisco"
Cutler Properties LLC,2,3,Mission,53,3296 22nd Street | Cutler Properties LLC,"460 Azalea Way, Los Altos, 94022","3282 22nd St, San Francisco | 3296 22nd St, San Francisco"
Daap Real Estate LLC,2,3,Outer Richmond,531311,3145-3149 Cabrillo St Apts | Daap Real Estate LLC,"Po Box 1673, Sebastopol, 95473","3145 Cabrillo St, San Francisco | 3149 Cabrillo St Apt 1, San Francisco"
Dco Realty Inc,2,3,,531110,Dco Mission Bay Lp Dba Channel At Mission Bay | Hpi 2161 Sutter Lp,"1745 Shea Center Dr Ste 200, Highlands Ranch, 80129","185 Channel St, San Francisco | 2161 Sutter St, San Francisco"
Dental Properties LLC,2,3,,531110,Dental Properties | Dental Properties LLC,"590 Bosworth St, San Francisco, 94131","16110 Winchester Club Dr, Meadow Vista | 590 Bosworth St, San Francisco"
Dharma Partners LLC,2,3,,53,Dharma Partners LLC,"42 Woodland Ave 4 Apt, San Francisco, 94117","1 Embarcadero Ctr Ste 1150, San Francisco | 220 Bush St Ste 660, San Francisco"
Divco Group LLC,2,3,Nob Hill,531110,Divco Group LLC,"1489 Webster St # 233, San Francisco, 94115","1441 Clay St, San Francisco | 885 Franklin St, San Francisco"
Dm Development Partners LLC,2,3,,531390,Dm Development | Dm Development Partners LLC,"660 4th St, San Francisco, 94107","2440 Broadway St, San Francisco | 448 Linden St, San Francisco"
Duo Street Partners,2,3,Mission,531311,Duo Street Partners,"1 Post St Ste 2100, San Francisco, 94104","3466 21st St, San Francisco | 505 Montgomery St Ste 620, San Francisco"
E & H Company,2,3,Inner Richmond,53,479 7th Av Apts | E & H Company,"1701 Vallejo St Apt 500, San Francisco, 94123","1701 Vallejo St Apt 500, San Francisco | 479 7th Ave, San Francisco"
"El Dorado Apartments, Lp",2,3,,531110,"El Dorado Apartments | El Dorado Apartments, Lp","1388 Sutter St Fl 11, San Francisco, 94109","1388 Sutter St Fl 11, San Francisco | 150 9th St, San Francisco"
Eol Properties II Lp,2,3,Nob Hill,531110,"900-908 Pine St Bldg | Eol Properties II, Lp","1441 Sunset Loop, Lafayette, 94549","900 Pine St, San Francisco | 904 Pine St, San Francisco"
Executive Park Properties LLC,2,3,,531390,Executive Park Properties LLC,"150 Executive Park Blvd Ste 4800, San Francisco, 94134","150 Executive Park Blvd, San Francisco | 250 Executive Park Blvd, San Francisco"
Fahman Properties LLC,2,3,Mission,53,Fahman Properties | Fahman Properties LLC,"0000 Undeliverable Mail, San Francisco, 99999","2455 Harrison St, San Francisco | 5616 Mission St, San Francisco"
Fandel Retail Group Inc,2,3,,531390,"Fandel Retail Group | Fandel Retail Group, Inc | Fandel Retail Works","Po Box 597, Pacifica, 94044","650 5th St Ste 405, San Francisco | 650 5th St Ste 509, San Francisco"
Felix Group LLC,2,3,Inner Richmond,531110,Felix Group LLC,"2443 Fillmore St Ste 271, San Francisco, 94115","125 4th Ave, San Francisco | 919 Post St, San Francisco"
Founders Realty Inc,2,3,,531210,Founders Realty Inc,"1248 Noriega St, San Francisco, 94122","1248 Noriega St, San Francisco | 2345 Post St, San Francisco"
Fowler Property Acquisitions,2,3,,531110,"Fowler Property Acquisitions | Fpa Multifamily, LLC","2082 Michelson Dr Fl 4, Irvine, 92612","100 Bush St Ste 510, San Francisco | 368 Jackson 1st Flr, San Francisco"
Friedman Properties Lp,2,3,,531110,145 Laurel St Apts | 990 Bay Street Apartments,"145 Laurel St Apt 15, San Francisco, 94118","145 Laurel St, San Francisco | 990 Bay St, San Francisco"
Fritzi Realty,2,3,,531110,Fritzi Realty,"3450 Sacramento St # 622, San Francisco, 94118","2856 Vallejo St, San Francisco | 75 Broadway St Rm 202, San Francisco"
Gautier Properties LLC,2,3,Outer Richmond,531110,Gautier Properties LLC,"99 Saint Germain Ave, San Francisco, 94114","1142 Mariposa St, San Francisco | 2201 Balboa St, San Francisco"
Guiral Properties,2,3,Outer Richmond,531110,Guiral Properties,"20 Balceta Ave, San Francisco, 94127","2901 Washington St, San Francisco | 337 22nd Ave, San Francisco"
Herbert-Andrea Investment Partners,2,3,Outer Richmond,531110,Herbert Andrea Investments,"1733 Webster St, Palo Alto, 94301","498 Carl St, San Francisco | 7015 California St, San Francisco"
Ho Properties Inc,2,3,,531110,3734-3736 Fillmore Apts | Pine St Apts,"388 Market St 1068 Ste, San Francisco, 94111","1 Pine St Apt 2509, San Francisco | 3734 Fillmore St, San Francisco"
Howard Properties,2,3,,531390,361 Hayes St | Howard Properties Inc.,"355 Hayes St, San Francisco, 94102","355 Hayes St, San Francisco | 361 Hayes St, San Francisco"
Hv Partners Block 10 Lp,2,3,,531110,Hv Partners Block 10 Lp,"1388 Sutter St Fl 11, San Francisco, 94109","1388 Sutter St Fl 11th, San Francisco | 901 Fairfax Ave, San Francisco"
Jackson Group Property Mgt Inc,2,3,Outer Richmond,531110,Jackson Group Property Mgt Inc | Pr Realty Co,"1806 Balboa St, San Francisco, 94121","1806 Balboa St, San Francisco | 1806 Jackson St, San Francisco"
Japan Center West Associates Lp,2,3,,531110,Japan Center Malls,"468 N Camden Dr Ste 300, Beverly Hills, 90210","1737 Post St, San Francisco | 22 Peace Plaza, San Francisco"
Jc Real Estate Invest Grp Inc,2,3,,531210,"Jc Real Estate Invest Grp Inc | Jc Real Estate Investment Group, Inc.","225 Hanover St, San Francisco, 94112","1533 Taraval St, San Francisco | 225 Hanover St, San Francisco"
Jk Folsom Realty LLC,2,3,Outer Richmond,531110,Jk Clement Realty LLC | Jk Pacific Realty LLC,"726 Noriega St, San Francisco, 94122","1155 Folsom St, San Francisco | 1541 Clement St, San Francisco"
Julia Apartments Lp,2,3,Inner Richmond,531110,Julia Apartments Lp,"1717 Powell St Ste 300, San Francisco, 94133","4405 California St, San Francisco | 4425 California St, San Francisco"
Kitt Apartments LLC,2,3,,531110,Kitt Apartments LLC,"3475 California St, San Francisco, 94118","1880 California Street, San Francisco | 1911 Greenwich Street, San Francisco"
Lai King Quan Properties LLC,2,3,Nob Hill,531110,2526 Van Ness Ave Apts | 830 Hyde St,"2526 Van Ness Ave Apt 10, San Francisco, 94109","2526 Van Ness Ave, San Francisco | 830 Hyde St, San Francisco"
Legal One Realty,2,3,,531311,First Release Homes | Legal One Business Brokers | Legal One Mortgage,"0000 Undeliverable Mail, San Francisco, 99999","2590 Geary Blvd, San Francisco | 507 Polk St Ste 410, San Francisco"
Litke Properties Inc,2,3,Outer Richmond,531110,801 28th Ave Apts | The Imperial,"3490 California St Ste 206, San Francisco, 94118","1501 Sutter St, San Francisco | 801 28th Ave, San Francisco"
Lobelia Properties LLC,2,3,Haight Ashbury,53,126-130 Laguna St Apts | Lobelia Properties LLC,"2001 Oak St, San Francisco, 94117","126 Laguna St, San Francisco | 2001 Oak St, San Francisco"
"Mckinley Realty, Inc.",2,3,,531210,"Mckinley Realty | Mckinley Realty, Inc.","584 Castro St 779 #, San Francisco, 94114","584 Castro St # 779, San Francisco | 584 Castro St 779, San Francisco"
Meridian Management Group,2,3,"Mission, Nob Hill",531110,Meridian Management Group,"1145 Bush St, San Francisco, 94109","1145 Bush St, San Francisco | 200 Guerrero St, San Francisco"
Mfr Apartments LLC,2,3,Mission,531110,1753-1763 Fulton St | 261-265a Dolores St,"1295 Po Box, Carson City, 89702","1753 Fulton St # -1763, San Francisco | 261 Dolores St # 265a, San Francisco"
Mission Housing Dev Corp,2,3,Mission,531110,Mission Housing Development Corporation | Rich Sorro Commons,"474 Valencia St 280 Ste, San Francisco, 94103","150 Berry St, San Francisco | 474 Valencia St Ste 280, San Francisco"
Monaco Properties Lp,2,3,,53,Monaco Properties Lp,"234 09th St, San Francisco, 94103","230 9th St, San Francisco | 234 09th Street St, San Francisco"
Morris Property Investments,2,3,,531110,Morris Property Investments,"5704 Teck St, Fair Oaks, 95628","1280 38th Ave, San Francisco | 4127 Irving St, San Francisco"
"New Asia Housing, L.P.",2,3,,531110,"758 Pacific Avenue | New Asia Housing, L.P.","615 Grant Ave, San Francisco, 94108","758 Pacific Ave, San Francisco | 772 Pacific Ave, San Francisco"
New China Realty Corp,2,3,Mission,531110,2886-2888 Folsom St Apts | New China Realty Corp,"41 Nevada St, San Francisco, 94110","2886 Folsom St, San Francisco | 41 Nevada St, San Francisco"
Nicholson Heritage Group LLC.,2,3,,531110,Nicholson Heritage Group | Nicholson Heritage Group LLC.,"Po Box 885373, San Francisco, 94188","740 Earl St, San Francisco | Innes Ave, San Francisco"
Nor Apartments LLC,2,3,,531110,1835 Noriega St Apts | 1901 Noriega St Apts,"24 Orange Ave, Larkspur, 94939","1835 Noriega St, San Francisco | 1901 Noriega St, Larkspur"
Norcal United Real Estate Partners,2,3,Noe Valley,531210,Corcoran Icon Properties,"1116 S El Camino Real, San Mateo, 94402","2523 California St, San Francisco | 4040 24th St, San Francisco"
Notre Dame Housing Partners Lp,2,3,,531110,Notre Dame Apartments,"615 Grant Ave, San Francisco, 94108","1515 Vallejo St, San Francisco | 1590 Broadway, San Francisco"
O'farrell Properties LLC,2,3,,531110,10 Ada Court | 667-669 O'farrell Street,"Po Box 1611, San Mateo, 94401","10 Ada Ct, San Francisco | O'farrell St, San Francisco"
"Octavia Rsu Associates, L.P.",2,3,,531110,"Octavia Rsu Associates, L.P.","201 Eddy St, San Francisco, 94102","120 Octavia St, San Francisco | 201 Eddy Street, San Francisco"
Ofarrell Associates LLC,2,3,,531110,Ofarrell Associates LLC,"1201 Fulton St, San Francisco, 94117","1201 Fulton St, San Francisco | 851 Ofarrell St, San Francisco"
Olcese Properties,2,3,,531110,Olcese Properties,"646 Alex Way, Encinitas, 92024","57141 Medinah, La Quinta | 646 Alex Way, Encinitas"
On Lok Community Housing Inc,2,3,Nob Hill,531110,On Lok Community Housing Inc,"1333 Bush St, San Francisco, 94109","1000 Montgomery St, San Francisco | 1333 Bush St, San Francisco"
Osa Associates LLC,2,3,Noe Valley,531110,655 Tennessee St Apts | Osa Associates I LLC,"0000 Undeliverable Mail, San Francisco, 99999","4248 23rd St, San Francisco | 655 Tennessee St, San Francisco"
Oxford Management LLC,2,3,,531110,Oxford Sf Condos,"2975 Scott Blvd Ste 200, Santa Clara, 95054","425 1st St #1506, San Francisco | 501 Beale St Unit 15g, San Francisco"
"Paige Francisco Properties, LLC",2,3,,531110,"1050 Francisco Street, San Francisco, Ca 94109 | 1101 Francisco St, San Francisco, Ca 94109","2120 Market St Ste 105, San Francisco, 94114","1050 Francisco St, San Francisco | 1101 Francisco St, San Francisco"
"Pao-Teh Property Inc., C/O Nancy Tan",2,3,Inner Richmond,531110,37 States St Apt | 37 States Street,"4444 Geary Blvd Ste 100, San Francisco, 94118","37 States St, San Francisco | 4444 Geary Blvd Ste 100, San Francisco"
Parkview Terrace Partners Lp,2,3,,531110,Parkview Terrace Partners L.P | Parkview Terrace Partners Lp,"615 Grant Ave, San Francisco, 94108","871 Turk St, San Francisco | 879 Turk St, San Francisco"
Peacock Properties Inc,2,3,,531390,3310 Mission Hoa | Peacock Properties Inc,"601 Van Ness Ave # E3606, San Francisco, 94102","3310 Mission St, San Francisco | 601 Van Ness Ave #E3606, San Francisco"
Penny Lane Real Estate LLC,2,3,,531110,1949 Chestnut | Penny Lane Real Estate LLC,"1690 Filbert St Ste A, San Francisco, 94123","1949 Chestnut St, San Francisco | 1961 Jefferson St, San Francisco"
Proximity Real Estate Corp,2,3,,53,Proximity Real Estate Corp | Proximity Real Estate Corporation,"2063 45th Ave, San Francisco, 94116","2063 45th Ave, San Francisco | 2144 Green St Apt 12, San Francisco"
Quercus Properties LLC,2,3,Haight Ashbury,53,Quercus Properties LLC,"2001 Oak St, San Francisco, 94117","2001 Oak St, San Francisco | 65 Scott St, San Francisco"
"Raymond F. Clark Properties, LLC",2,3,Mission,531110,"3160 16th Street | Raymond F. Clark Properties, LLC","634 Augustine Ln, Lafayette, 94549","2902 Pine St Bldg, San Francisco | 3160 16th St, San Francisco"
"Realty Equities, Inc.",2,3,,531110,3190 Scott Res Condos | Vela Res. Condos,"2347 Lombard St, San Francisco, 94123","2353 Lombard St, San Francisco | 3190 Scott St, San Francisco"
Related California Residential LLC,2,3,,531390,"Goodwill Sf Urban Development, LLC | Related California Construction, LLC | Related California Residential Development Co LLC","18201 Von Karman Ave 900 Ste, Irvine, 92612","44 Montgomery St Ste 1050, San Francisco | 44 Montgomery St Ste 1300, San Francisco"
Rp Associates L P,2,3,,531110,Rp Associates Lp,"201 Eddy St, San Francisco, 94102","1251 Turk St, San Francisco | 201 Eddy St, San Francisco"
Sacardus Properties LLC,2,3,,531110,1030 Washington St | Sacardus Properties LLC,"Po Box 151, San Francisco, 94104","1030 Washington St Apt #2, San Francisco | 1030 Washington St Rm #2, San Francisco"
Sam Boar Group,2,3,,531312,Sam Boar Group LLC,"1431 Noriega St, San Francisco, 94122","1333 Noriega St, San Francisco | 1431 Noriega St, San Francisco"
"Sandy Properties, LLC",2,3,Mission,531110,Nicholas Berte | Sean Parris,"3452 19th St, San Francisco, 94110","3452 19th St, San Francisco | 3454 19th St, San Fransisco"
"Sarcy Associates, LLC",2,3,,531110,"Sarcy Associates, LLC","429 Corbett Ave Ste 10, San Francisco, 94114","2200 Larkin St, San Francisco | 429 Corbett Ave, San Francisco"
Sf Bayview Partners Lp,2,3,,531110,Sf Bayview Partners Lp,"1 Blackfield Dr # 416, Tiburon, 94920","2760 Golden Gate Ave, San Francisco | 3053 Turk Blvd, San Francisco"
Shapiro Properties LLC,2,3,,531110,2121 Sacramento Street | 863 Arguello Street,"154 Dorchester Way, San Francisco, 94127","154 Dorchester Way, San Francisco | 2121 Sacramento St, San Francisco"
Smith Apartment Properties LLC,2,3,Inner Richmond,531110,1311 Chestnut St Building | 295 12th Avenue Building,"Po Box 470164, San Francisco, 94147","1311 Chestnut St, San Francisco | 295 12th Ave, San Francisco"
Steiner Partners LLC,2,3,,531110,1245 Hayes Street | 485-495 Connecticut Street & 1532-1542 20th Street,"30 Ravenwood Dr, San Francisco, 94127","1245 Hayes St, San Francisco | 485 Connecticut St, San Francisco"
Sullivan Properties,2,3,Mission,531110,1570-1580 Hayes St LLC | 33 Guerrero St LLC,"2120 Market St 105 Ste, San Francisco, 94114","1570 Hayes St, San Francisco | 33 Guerrero St, San Francisco"
"Sunnydale Parcel Q Housing Partners, Lp",2,3,,531110,"Casala | Sunnydale Parcel Q Housing Partners, L.P.","1491 Sunnydale Ave, San Francisco, 94134","1491 Sunnydale Ave, San Francisco | 18201 Von Karman Ave Ste 900, Irvine"
Sunquest Properties Inc.,2,3,,531390,"Sunquest Properties, Inc.","150 Executive Park Blvd Ste 4800, San Francisco, 94134","150 Executive Park Blvd Ste 4800, San Francisco | Bayshore Blvd & Sunnydale Ave"
Terminal Plaza Associates,2,3,,531110,Terminal Plaza Associates | Terminal Pz - 2106 Jackson Apt,"175 Chestnut St, San Francisco, 94133","175 Chestnut St, San Francisco | 2106 Jackson St, San Francisco"
The 1835 Franklin Street Group,2,3,,531110,1835 Franklin Street Group The | 430 Bayshore LLC,"430 Bay Shore Blvd, San Francisco, 94124","1835 Franklin St, San Francisco | 430 Bay Shore Blvd, San Francisco"
"The Eddy Apartments, LLC",2,3,,531110,"The Eddy Apartments, LLC","2960 Van Ness Ave C Ste, San Francisco, 94109","1717 Powell St 300, San Franscisco | 555 Eddy St, San Francisco"
The Northwestern Mutual Life Insurance Company,2,3,,53,Jasper | Nm-Jasper LLC,"0000 Undeliverable Mail, San Francisco, 99999","45 Lansing St, San Francisco | 514 Harrison St, San Francisco"
"Theseus Group, Inc.",2,3,Noe Valley,531210,Power Law Property Management | Theseus Real Estate,"292 30th St 15 Apt, San Francisco, 94131","292 30th St Apt 15, San Francisco | 292 30th St, San Francisco"
"Three Rivers Real Estate And Development, LLC.",2,3,Outer Richmond,"53, 531110",Three Rivers Real Estate And Development,"Po Box 22067, San Francisco, 94122","500 36th Ave, San Francisco | 885 25th Ave, San Francisco"
Tiger Partners LLC,2,3,Haight Ashbury,531110,Tiger Partners LLC,"5320 Venus Dr, Fairfield, 94534","1012 Masonic Ave, San Francisco | 1106 Plymouth Ave, San Francisco"
Tomkat Real Estate LLC,2,3,,531110,Tomkat Real Estate LLC,"1690 Filbert St Ste A, San Francisco, 94123","2935 Van Ness Ave, San Francisco | 3035 Webster St, San Francisco"
Toy Real Estate Investment Company I LLC,2,3,Inner Richmond,531110,2120 Clement Street | 520 8th Ave Apartments,"950 Stockton St Ste 398, San Francisco, 94108","520 8th Ave, San Francisco | 950 Stockton St #398, San Francisco"
Treat Property LLC,2,3,Mission,53,Treat Property LLC,"466 Green St 302 Ste, San Francisco, 94133","3450 Sacramento St 722, San Francisco | 500 Treat Ave, San Francisco"
Turk 500 Associates Lp,2,3,,531110,Turk 500 Associates L.P. | Turk 500 Associates Lp,"201 Eddy St, San Francisco, 94102","201 Eddy St, San Francisco | 555 Larkin St, San Francisco"
United Dominion Realty Lp,2,3,,531110,Edgewater | United Dominion Realty Lp,"1745 Shea Center Dr Ste 200, Highlands Ranch, 80129","1745 Shea Center Dr Ste 200, Highlands Ranch | 355 Berry St, San Francisco"
"Upper Management, LLC",2,3,Mission,531110,"Upper Management, LLC","2989 Mission St, San Francisco, 94110","2965 Mission St St, San Francisco | 2967 Mission St, San Francisco"
Vannucci Property LLC,2,3,,531110,1722 Irving Street | Vannucci Property LLC,"2586 19th Ave, San Francisco, 94116","1720 - 17 Irving St, San Francisco | 2586 19th Avenue Ave, San Francisco"
Victoria Associates #2,2,3,,531110,2860 California Apts | 320-322b Chestnut St Apts,"Po Box 13059, Oakland, 94661","2860 California St, San Francisco | 320 Chestnut St, San Francisco"
Vision Financial Group Inc,2,3,,531210,Jodi Mortgage | Jodi Realty | Vision Financial Group Inc,"2131 19th Ave, San Francisco, 94116","2131 19th Ave, San Francisco | 633 Taraval St #101, San Francisco"
Western Residential Inc,2,3,,531390,399 Fremont | Western Residential Inc,"1745 Shea Center Dr Ste 200, Highlands Ranch, 80129","1745 Shea Center Dr Ste 200, Highlands Ranch | 399 Fremont St, San Francisco"
Woodmont Real Estate Servcs Lp,2,3,,531311,Woodmont Om LLC | Woodmont Real Estate Servcs Lp,"1050 Ralston Ave Ste 0, Belmont, 94002","1050 Ralston Ave Ste, Belmont | 680 Indiana St, San Francisco"
Y.A. Salma & Company,2,3,,531210,Salma & Company,"3048 Fillmore St, San Francisco, 94123","1958 Union St, San Francisco | 3048 Fillmore St, San Francisco"
10th Avenue Apartments Lp,1,2,,53,1332 10th Ave Apts,"1150 Union St 303 Unit, San Francisco, 94109","1332 10th Ave, San Francisco"
11th Avenue Apartments Lp,1,2,,53,1247 11th Ave Apts,"1150 Union St 303 Ste, San Francisco, 94109","1247 11th Ave, San Francisco"
14th Ave Partners Lp,1,2,Nob Hill,531110,765 14th Ave Apartments,"1155 Jones St, San Francisco, 94109","1155 Jones St., San Francisco"
17th Street Associates LLC,1,2,,531110,17th Street Associates LLC,"1717 17th St Ste 105, San Francisco, 94103","1531 Vancouver Ave, Hillsborough"
21st Avenue Properties LLC,1,2,Outer Richmond,531110,21st Avenue Properties LLC,"2 Dionne Ct, Belmont, 94002","493 - 49 21st Ave, San Francisco"
3d Property LLC,1,2,Noe Valley,531110,3d Property LLC,"1651 Church St, San Francisco, 94131","1651 Church St, San Francisco"
40th/Geary Partners Lp,1,2,Outer Richmond,531110,40th/Geary Partners Lp,"940 Emmett Ave Ste 200, Belmont, 94002","7555 Geary Blvd, San Francisco"
4g1b Properties I LLC,1,2,Outer Richmond,531110,615 25th Ave Apts,"5840 Geary Blvd, San Francisco, 94121","615 25th Ave, San Francisco"
4hugo Rentals LLC,1,2,,531110,4hugo Rentals LLC,"1252 4th Ave, San Francisco, 94122","1252 4th Ave, San Francisco"
5c Properties LLC,1,2,,531110,5c Properties LLC,"Po Box 885373, San Francisco, 94188","650 Masonic Ave, San Francisco"
"5th And Howard Associates, L.P.",1,2,,531110,"5th And Howard Associates, L.P.","201 Eddy St, San Francisco, 94102","921 Howard St, San Francisco"
700/710 Lombard Apts,1,2,,53,700/710 Lombard Apts,"704 Lombard St, San Francisco, 94133","700 Lombard St, San Francisco"
7x7 Real Estate Inc,1,2,,531110,7x7 Real Estate Inc,"75 Williar Ave, San Francisco, 94112","75 Williar Ave, San Francisco"
849a-853b Fulton Street Apts.,1,2,,531110,849a-853b Fulton Street Apts.,"125 Vicksburg St Bldg, San Francisco, 94114","849 A - 853b Fulton St, San Francisco"
Aabl Partners,1,2,Mission,53,Aabl Partners,"375 Moncada Way, San Francisco, 94127","87 Virgil St, San Francisco"
"Ab Management, Inc",1,2,Outer Richmond,531390,"Ab Management, Inc","5108 Geary Blvd, San Francisco, 94118","5108 Geary Blvd, San Francisco"
"Abba Homes, LLC",1,2,,53,"Abba Homes, LLC","733 Santiago St, San Francisco, 94116","733 Santiago St, San Francisco"
Access To Housing Inc,1,2,,531110,Access To Housing Inc,"1600 Broadway 2000 Ste, Denver, 80202","1360 Mission Ste 300, San Francisco"
Action Property Management,1,2,,531311,San Francisco Satellite Office,"320 Commerce Ste 200, Irvine, 92602","655 Montgomery St Ste 1190, San Francisco"
"Adh Properties, LLC",1,2,Noe Valley,531110,"Adh Properties, LLC","7122 Po Box, Incline Village, 89450","901 Castro St, San Francisco"
Adijt Group,1,2,,531110,Trust Real Estate / Trust Properties / Realty World Advance Group,"109 El Camino Real, San Bruno, 94066","109 El Camino Real, San Bruno"
Advent Properties Inc,1,2,,531210,Advent Properties Inc,"1600 Macarthur Blvd, Oakland, 94602","315 Montgomery St Fl 10, San Francisco"
Aetna Apartments LLC,1,2,Nob Hill,531110,Aetna Apartments LLC,"1 Blackfield Dr # 416, Tiburon, 94920","1410 Taylor St, San Francisco"
Afi Real Estate,1,2,,531210,Afi Real Estate,"200 Brannan St Ste 100a, San Francisco, 94107","200 Brannan St Ste 100a, San Francisco"
Ah Housing Preservation Lp,1,2,,531110,Ah Housing Preservation Lp,"30 Hudson Yards, New York, 10001","6 Baldwin Ct, San Francisco"
Akme Properties LLC,1,2,,53,Akme Properties LLC,"Po Box 4363, Incline Village, 89450","975 Carolina St, San Francisco"
Alabama St Housing Associates,1,2,Mission,531110,Alabama St Housing Associates,"201 Eddy St, San Francisco, 94102","2949 18th St, San Francisco"
Alabama St Senior Housing Asso,1,2,Mission,531110,Alabama St Senior Housing Asso,"201 Eddy St, San Francisco, 94102","2949 18th St, San Francisco"
Alamo Apartments Lp,1,2,Mission,531110,Alamo Apartments Lp,"1717 Powell St Ste 300, San Francisco, 94133","200 Guerrero St, San Francisco"
Alamo Square Apartments,1,2,,531110,Alamo Square Apartments,"49 Park Rd, Burlingame, 94010","1200 Fulton St, San Francisco"
"Alan Morcos Real Estate, Inc.",1,2,,531210,"Alan Morcos Real Estate, Inc.","858 Church St, San Francisco, 94114","858 Church St, San Francisco"
"Alex Sagues Real Estate, Inc.",1,2,,531210,"Alex Sagues Real Estate, Inc.","2249 Bay St, San Francisco, 94123","2249 Bay St, San Francisco"
Alhambra Associates LLC,1,2,,531110,Alhambra Associates LLC,"1717 Powell St Ste 300, San Francisco, 94133","770 California St, San Francisco"
Align Properties LLC,1,2,Mission,531210,Oliver Burgelman Real Estate,"2501 Mission St, San Francisco, 94110","2501 Mission St, San Francisco"
"Align Real Estate, LLC",1,2,,531390,Align Real Estate,"251 Post St Ste 200, San Francisco, 94108","251 Post St Ste 200, San Francisco"
All Bay Property Inc,1,2,Outer Richmond,531210,All Bay Property Inc | Maxima Mortgage,"615 43rd Ave, San Francisco, 94121","615 43rd Ave, San Francisco"
Alto Homes LLC,1,2,,531110,Alto Homes LLC,"0000 Undeliverable Mail, San Francisco, 99999","1930 Fulton St, San Francisco"
Alvin Woodside Partners,1,2,,531110,Woodside Apartments,"477 18th Ave, San Francisco, 94121","1 Daniel Burnham Court 412, San Francisco"
Amanda Jones Real Estate Inc,1,2,,531210,Amanda Jones Real Estate Inc,"1958 Bush St, San Francisco, 94115","1958 Bush St, San Francisco"
"Ambassador 9% Associates, L.P.",1,2,,531110,"Ambassador Nine Percent, L.P.","201 Eddy St, San Francisco, 94102","201 Eddy St, San Francisco"
"Ambassador Sro Associates, L.P.",1,2,,531110,Ambassador,"201 Eddy St, San Francisco, 94102","55 Mason St, San Francisco"
Amer Realty & Construction Inc,1,2,,531110,Amer Realty & Construction Inc,"1489 Webster St Ste 218, San Francisco, 94115","1489 Webster St Ste 218, San Francisco"
Americal Realty Inc,1,2,Nob Hill,531210,"Americal Realty, Inc.","Po Box P O Box 16527, San Francisco, 94116","1526 California St, San Francisco"
American Property Solutions Ll,1,2,,531110,American Property Solutions Ll,"3739 Balboa St Ste 220, San Francisco, 94121","5739 Balboa St 220, San Francisco"
Amore Real Estate Inc,1,2,,531210,Amore Real Estate Inc,"3001 Laguna St, San Francisco, 94123","3001 Laguna St, San Francisco"
Anchor Property Management LLC,1,2,,531390,Anchor Property Management LLC,"2351 Powell St # Manageme, San Francisco, 94133","1450 Buckingham Way, Hillsborough"
Anchor Realty Inc.,1,2,,531311,Anchor Realty | Anchor Realty Inc,"2120 Market St 105 Ste, San Francisco, 94114","2120 Market St Ste 105, San Francisco"
Ans Property Company LLC,1,2,,531110,2528-34 Washington St Apts,"Po Box 472229, San Francisco, 94147","2528 Washington St, San Francisco"
Anvil Property Mangement Corporation,1,2,,531110,Anvil Property Mangement Corporation,"601 Van Ness Ave Ste 2060, San Francisco, 94102","601 Van Ness Ave Ste 2060, San Francisco"
Anza Del Rey Apartments,1,2,,531110,Anza Del Rey Apartments,"524 Anza St Apt 302, San Francisco, 94118","524 Anza Street St Apt 302, San Francisco"
Anza Street Apartments,1,2,Outer Richmond,531110,Anza Street Apartments,"3823 1/2 Anza St, San Francisco, 94121","3823  Anza St, San Francisco"
Ao Realty Corp,1,2,Mission,531311,Ao Realty Corp,"1760 Mission St, San Francisco, 94103","1760 Mission St, San Francisco"
Aperture Group LLC,1,2,,531311,Aperture Group LLC,"1 Letterman Dr Bldg A4300, San Francisco, 94129","1 Letterman Dr Ste A, San Francisco"
Ascend Group Properties Inc,1,2,Mission,531210,Ascend Group | Ascend Group Properties | Ascend Group Properties Inc,"2179 21st Ave, San Francisco, 94116","1144 Alabama St, San Francisco"
"Atlas Property Group, Inc.",1,2,,531311,"Atlas Property Group, Inc.","5051 Mission St, San Francisco, 94112","5051 Mission St, San Francisco"
Auburn Pacific Group LLC,1,2,Nob Hill,531110,Auburn Pacific Group LLC,"Po Box 471795, San Francisco, 94133","1075 Pacific Ave, San Francisco"
Audrey Wong And Company,1,2,Nob Hill,531110,Audrey Wong And Company,"1585 Yew St, San Mateo, 94402","1049 Pacific Ave #1053, San Francisco"
Aurum Property LLC,1,2,,531110,Aurum Property LLC,"1409 Montgomery St, San Francisco, 94133","1409 Montgomery St, San Francisco"
"Avant Real Estate Group, Inc.",1,2,,531210,Agent Hustle Network,"2343 12th Ave, San Francisco, 94116","2343 12th Ave, San Francisco"
Ayala Realty & Investments Inc,1,2,,531210,Ayala Realty | Calbay Lending,"3597 Mission St, San Francisco, 94110","3597 Mission St, San Francisco"
Azar Realty Group Inc,1,2,,53,Azar Realty Group,"1048 Valencia St, San Francisco, 94110","2700 San Bruno Ave, San Francisco"
Baco Realty Corp.,1,2,,531312,Baco Properties | Baco Realty Corporation,"128 King St Ste 400, San Francisco, 94107","128 King St Ste 400, San Francisco"
Balboa Street Properties LLC,1,2,Outer Richmond,531110,Balboa Street Properties LLC,"2 Dionne Ct, Belmont, 94002","3126 Balboa St, San Francisco"
Baldini Real Estate Inc,1,2,,531210,Baldini Property Management | Century 21 Baldini Prop Mgmt | Century 21 Baldini Realty,"4977 Mission St, San Francisco, 94112","4977 Mission St, San Francisco"
Balilla Apartments LLC,1,2,,531110,Balilla Apartments LLC,"4 Thornton Ct, Novato, 94945","565 Geary St, San Francisco"
Ballast Group LLC,1,2,,531110,Ballast Group LLC,"351 California St Fl 14, San Francisco, 94104","351 California St Fl 14, San Francisco"
Bancroft Property LLC,1,2,,531390,None,"220 S Linden Ave, South San Francisco, 94080","220 S Linden Ave, South San Francisco"
Banejad & Haddad Properties,1,2,Outer Richmond,531110,Banejad & Haddad Properties,"3716 Oakes Dr, Hayward, 94542","695 33rd Ave, San Francisco"
Banneker Homes Lp,1,2,,53,Banneker Homes Lp,"725 Fulton St, San Francisco, 94102","725 Fulton St, San Francisco"
Baskin Investment Group LLC,1,2,,531110,"Baskin Investment Group, LLC","626 El Camino Real, San Carlos, 94070","626 El Camino Real, San Carlos"
"Bay Area Real Estate Advisors, Inc.",1,2,,531210,The Advisory,"0000 Undeliverable Mail, San Francisco, 99999","2099 Market St, San Francisco"
Bay City Properties LLC,1,2,Nob Hill,531110,Sacramento Apartments,"Po Box 446, Burlingame, 94011","1501 Sacramento Street, San Francisco"
Bayside Elderly Housing Corporation,1,2,,531110,Bayside Elderly Housing Corporation,"615 Grant Ave, San Francisco, 94108","615 Grant Ave, San Francisco"
Bayview Supportive Housing LLC,1,2,,531390,Bayview Supportive Housing LLC,"100 N Broadway Ste 100, Saint Louis, 63102","720 Olive St Ste 2500, Saint Louis"
"Beacon Rose Partners, LLC",1,2,,531390,Beacon Rose Partners,"13825 Francisco Dr, La Mirada, 90638","601 Montgomery St Ste 1212, San Francisco"
"Beam Properties, Inc.",1,2,,531110,"Beam Properties, Inc.","900 Van Ness Ave Ste 102, San Francisco, 94109","900 Van Ness Ave Ste 102, San Francisco"
Bell Partners Inc.,1,2,,531311,Bell Partners Inc.,"300 N Greene St Ste 1000, Greensboro, 27401","1 Embarcadero Ctr Ste 3510, San Francisco"
Berkadia Real Estate Advisors Inc,1,2,,531210,Berkadia Real Estate Advisors Inc.,"323 Norristown Rd Ste 300, Ambler, 19002","1 Post St, San Francisco"
"Bernal Homes, L.P.",1,2,Mission,531110,"Bernal Homes, L.P.","0000 Undeliverable Mail, San Francisco, 99999","3138 Kamille Ct, San Francisco"
Bespoke Housing LLC,1,2,Inner Richmond,531311,Bespoke Housing LLC,"327 7th Ave, San Francisco, 94118","327 7th Ave, San Francisco"
Best Financial Group LLC,1,2,,53,Best Financial Group LLC,"150 Shoreline Hwy Bldg D, Mill Valley, 94941","150 Shoreline Hwy Bldg D, Mill Valley"
Bevilacqua Properties IIi LLC,1,2,,531110,3045 Franklin St,"Po Box 1205, Genoa, 89411","3045 Franklin St, San Francisco"
"Bez Group, Inc.",1,2,,53,Consolidated Property Management | Consolidated Realty Services,"2305 Judah St, San Francisco, 94122","2305 Judah St, San Francisco"
"Big N Properties, LLC",1,2,,531110,"Big N Properties, LLC","248 3rd St Unit 738, Oakland, 94607","418 -422 Capp St #, San Francisco"
Biljac Associates,1,2,,531312,3201 Divisadero St Building,"3659 Hadley Hill Dr, Santa Rosa, 95404","3201 Divisadero St, San Francisco"
Bill Williams - Real Estate Agent Inc.,1,2,,531210,Bill Williams - Real Estate Agent Inc.,"160 Moraga Way, Orinda, 94563","50 Lucerne St Apt 1, San Francisco"
Black Label Real Estate Inc.,1,2,,531210,Black Label Finance | Black Label Group | Black Label Mortgage,"301 Mission St Apt 27f, San Francisco, 94105","1160 Mission St 2102, San Francisco"
Blackwell Properties LLC,1,2,Mission,531390,Blackwell Properties,"3178 17th St 3 Unit, San Francisco, 94110","3178 17th St Ste 3, San Francisco"
Blatteis Realty Co Inc,1,2,,531210,Blatteis Realty Co Inc,"101 Montgomery St Ste 888, San Francisco, 94104","101 Montgomery St Ste 888, San Francisco"
Blu Petals Realty,1,2,,531210,Blu Petals Realty,"1327 Shafter Ave, San Francisco, 94124","1327 Shafter Ave, San Francisco"
Blue Property Group Inc,1,2,,531210,Homesmart Bay Area,"0000 Undeliverable Mail, San Francisco, 99999","100 Pine St Ste 1250 #A77, San Francisco"
Bm & R Partners Lp,1,2,,53,1685 Chestnut St Apts,"1150 Union St 303 Unit, San Francisco, 94109","1685 Chestnut St, San Francisco"
Bnv Associates LLC,1,2,,531110,1355 Bay St Apts,"Po Box 1302, Tiburon, 94920","1355 Bay St, San Francisco"
Bohemia Apartments Lp,1,2,Nob Hill,531110,Bohemia Apartments Lp,"1717 Powell St Ste 300, San Francisco, 94133","625 Taylor St, San Francisco"
"Boulevard Apartments, Lp",1,2,,531110,"Boulevard Apartments, Lp","1717 Powell St Ste 300, San Francisco, 94133","1725 Van Ness Ave, San Francisco"
Boulevard Properties Inc,1,2,,531312,Boulevard Properties Inc,"500 3rd St Ste 505, San Francisco, 94107","500 3rd St Rm 505, San Francisco"
Bowery Real Estate Systems,1,2,,531210,Bowery Valuation,"30 Cooper Square St Fl 8, New York, 10003","30 Cooper Square St Fl 8, New York"
Bprep Mosso Apartments LLC,1,2,,53,Mosso Apartments,"127 Public Sq Ste 3200, Cleveland, 44114","900 Folsom St, San Francisco"
Branson Real Estate,1,2,,53,Jessica Branson Inc.,"285 Nevada St, San Francisco, 94110","285 Nevada St, San Francisco"
Brian Garrett Real Estate Group,1,2,,531210,Brian Garrett Real Estate Group | Sage Real Estate,"37 Liberty St, San Francisco, 94110","466 Brannan St, San Francisco"
Bridge Properties LLC,1,2,,531210,Polaris Realty,"1388 Sutter St # 1220, San Francisco, 94109","1388 Sutter Plaza Ste 1220, San Francisco"
Bridgeton Management Sf LLC,1,2,,531312,Bridgeton Management Sf LLC,"126 5th Ave Fl 12, New York, 10011","220 5th Ave Fl 19, New York"
Bridgeton Museum Parc Property LLC,1,2,,531312,Bridgeton Museum Parc Property LLC,"126 5th Ave Fl 12, New York, 10011","300 3rd St, San Francisco"
Bristol Group Incorporated,1,2,,531390,"Bristol Group, Inc.","350 Sansome St 900 Ste, San Francisco, 94104","350 Sansome St Ste 900, San Francisco"
Broadmoor Partners LLC,1,2,,531390,"Broadmoor Partners, LLC","217 Spring Grove Ave, San Rafael, 94901","217 Spring Grove Ave, San Rafael"
Broadway Gough Associates,1,2,,531110,1790 Broadway Rentals,"3475 California St, San Francisco, 94118","1790 Broadway, San Francisco"
Broadway Realty SF,1,2,,531110,Broadway Realty SF,"2269 Chestnut St, San Francisco, 94123","1803 Broadway St, San Francisco"
Brown&Company Real Estate Inc,1,2,,531210,Brown And Co Real Estate,"1228 Treat Ave, San Francisco, 94110","2207 Lombard St, San Francisco"
Bryant Property LLC,1,2,,531110,Bryant Property LLC,"201 Spear St Ste 1650, San Francisco, 94105","555 Bryant St, San Francisco"
Bssg Partners LLC,1,2,,531110,2925 Van Ness Ave Apts,"1878 38th Ave, San Francisco, 94122","2925 Van Ness Ave, San Francisco"
Btw Housing Partners Lp,1,2,,531110,John Burton Foundation Housing Complex,"1388 Sutter St Fl 11, San Francisco, 94109","800 Presidio Ave, San Francisco"
"Buchanan Pacific Partners, Lp.",1,2,,531110,"Buchanan Pacific Partners, Lp","1717 Powell St Ste 300, San Francisco, 94133","2199 Pacific Ave, San Francisco"
Buchanan Summerwood Partners,1,2,,531110,Summerwood Apartments,"477 18th Ave, San Francisco, 94121","1 Daniel Burnham Ct 412, San Francisco"
Buckley Real Estate Inc,1,2,,53,Buckley Real Estate Inc,"2277 Jerrold Ave, San Francisco, 94124","2277 Jerrold Ave, San Francisco"
"Build A Difference Properties, LLC",1,2,,531390,"Build A Difference Properties, LLC","Po Box P O Box 883333, San Francisco, 94188","501 Hudson Ave 303, San Francisco"
Bv Housing Preservation,1,2,,531110,Bv Housing Preservation,"30 Hudson Yards Fl 72, New York, 10001","5 Commer Ct, San Francisco"
Bwa Properties LLC,1,2,,53,Bwa Properties LLC,"Po Box 420162, San Francisco, 94142","782 Clementina St, San Francisco"
C&B Properties LLC,1,2,,531110,C&B Properties LLC,"449 10th St, San Francisco, 94103","449 10th St, San Francisco"
C&C Property Mgmt LLC,1,2,,53,C&C Property Mgmt LLC,"Po Box 11314, Oakland, 94611","610 Blair Ave, Piedmont"
C&D Realty Corporation,1,2,,531210,C&D Realty Corporation,"2000 Lawton St, San Francisco, 94122","2000 Lawton St, San Francisco"
California & Pierce Apts Lp,1,2,,531110,California & Pierce Apts Lp,"1717 Powell St Ste 300, San Francisco, 94133","2001 Pierce St, San Francisco"
California Barrel Company LLC,1,2,,531390,Associate Capital,"1201a Illinois St, San Francisco, 94107","Illinois St, San Francisco"
California State Realty Inc,1,2,,53,Calif State Loan Modifications | California State Mortgage Co | California State Property Management,"2685 22nd Ave, San Francisco, 94116","2685 22nd Ave, San Francisco"
California West Associates,1,2,,531110,839 Post St Apartments,"1683 Shattuck Ave # A, Berkeley, 94709","839 Post St, San Francisco"
Cambridge Management Company,1,2,,531110,Cambridge Management Co,"2975 Scott Blvd Ste 200, Santa Clara, 95054","2975 Scott Blvd Ste 200, Santa Clara"
"Candlestick 10a Associates, L.P.",1,2,,531110,Candlestick 10a,"201 Eddy St, San Francisco, 94102","Ingerson Ave, San Francisco"
Cannae Partners LLC,1,2,,531390,Cannae Partners,"477 Pacific Ave Fl 1, San Francisco, 94133","477 Pacific Ave Fl 1, San Francisco"
Cannizzaro Realty Inc,1,2,,531210,Cannizzaro Realty Inc,"450 Beach St, San Francisco, 94133","450 Beach St, San Francisco"
Canon Barcus Associates Lp,1,2,,53,Canon Barcus Associates Lp,"1358 Valencia St, San Francisco, 94110","165 8th St Fl 3, San Francisco"
Canon Kip Associates II Lp,1,2,,531110,Canon Kip Community House,"165 8th St, San Francisco, 94103","705 Natoma St, San Francisco"
Cappiello & Associates,1,2,,531110,Cappiello & Associates,"2223 N Point St, San Francisco, 94123","2223 N Point St, San Francisco"
Capri Tower Apartments,1,2,Mission,531110,Capri Tower Apartments,"3740 25th St Apt 601, San Francisco, 94110","3740 25th St Apt 601, San Francisco"
Capurro Properties - Series B,1,2,,531110,545 - 555 Green St Apts,"408 Columbus Ave Ste 5, San Francisco, 94133","408 Columbus St #5, San Francisco"
Capurro Properties Series A,1,2,,531110,456-466 Columbus Avenue Apts,"408 Columbus Ave Ste 5, San Francisco, 94133","408 Columbus St #5, San Francisco"
Cara Properties LLC,1,2,Mission,531110,Cara Properties LLC,"1408 Devlin Dr, Vallejo, 94591","467 Guerrero St, San Francisco"
Carillon Associates,1,2,,531110,Carillon Tower,"222 Front St Fl 7, San Francisco, 94111","1100 Gough St, San Francisco"
Carmel Partners Gp IIi LLC,1,2,,531390,Carmel Partners Gp IIi LLC,"1000 Sansome St Fl 1, San Francisco, 94111","1000 Sansome St Ste 180, San Francisco"
Carmel Partners Gp Ix LLC,1,2,,531390,Carmel Partners Gp Ix LLC,"0000 Undeliverable Mail, San Francisco, 99999","1000 Sansome St Fl 1, San Francisco"
"Carmel Partners Gp Vii, LLC",1,2,,531390,"Carmel Partners Gp Vii, LLC","0000 Undeliverable Mail, San Francisco, 99999","1000 Sansome St Fl 1, San Francisco"
Carmel Partners Gp Viii LLC,1,2,,531390,Carmel Partners Gpviii LLC,"1000 Sansome St Fl First, San Francisco, 94111","1000 Sansome St Fl First, San Francisco"
Carmel Partners Gpvi LLC,1,2,,531390,Carmel Partners Gpvi LLC,"0000 Undeliverable Mail, San Francisco, 99999","1000 Sansome St 1st Fl, San Francisco"
"Carmel Partners Investment Fund Vii, Lp",1,2,,53,"Carmel Partners Investment Fund Vii, Lp","1000 Sansome St 1 Fl, San Francisco, 94111","1000 Sansome St Fl 1, San Francisco"
"Carmel Partners Investment Fund Viii, Lp",1,2,,531110,"Carmel Partners Investment Fund Viii, Lp","0000 Undeliverable Mail, San Francisco, 99999","1000 Sansome St Fl 1, San Francisco"
Carmerl Partners Gp V LLC,1,2,,531390,Carmerl Partners Gp V LLC,"0000 Undeliverable Mail, San Francisco, 99999","1000 Sansome St, Suite 180, San Francisco"
Casa Adelante Housing LLC,1,2,Mission,531110,Casa Adelante Housing LLC,"2301 Mission St Ste 301, San Francisco, 94110","2205 Mission St, San Francisco"
"Casa Adelante Svn Housing, L.P.",1,2,Mission,53,"Casa Adelante Svn Housing, L.P.","0000 Undeliverable Mail, San Francisco, 99999","1515 S Van Ness Ave, San Francisco"
Casa Rosa Properties LLC,1,2,,531110,Polk Rental,"329 Avalon, Los Altos, 94022","2433 Polk, San Francisco"
Castaldo Properties Inc.,1,2,Mission,531210,Castaldo Properties Inc.,"464 Fair Oaks St, San Francisco, 94110","462 Fair Oaks St, San Francisco"
Castro Street Property,1,2,,531110,G-Castro LLC,"Po Box 1744, Burlingame, 94010","201 Castro St, San Francisco"
Cecchini Realty Co.,1,2,,531311,Cecchini Realty Co.,"584 Castro St #, San Francisco, 94114","584 Castro St, San Francisco"
Cencaland Property Inv Inc,1,2,,531110,Cencaland Property Inv Inc,"1719 22nd Ave, San Francisco, 94122","1762 -1768 9th Ave, San Francisco"
Centerstone Realty,1,2,Mission,53,Centerstone Property Managemen | Centerstone Realty | Rental Resources,"1965 Market St, San Francisco, 94103","1965 Market St, San Francisco"
Cervantes Property LLC,1,2,,531110,Cervantes Property LLC,"3628 Broderick St, San Francisco, 94123","15 Cervantes Blvd, San Francisco"
Chain Of Lakes Group LLC,1,2,,53,Chain Of Lakes Group LLC,"717 Country Club Dr, Ojai, 93023","2134 Van Ness Ave, San Francisco"
"Chandler Properties, Inc.",1,2,,531110,Chandler Properties | Chandler Property Management,"3475 California St, San Francisco, 94118","3475 California St, San Francisco"
Charmed Life Properties,1,2,Haight Ashbury,531110,38 Belvedere Street,"554 Clayton St Unit 170296, San Francisco, 94117","38 Belvedere St, San Francisco"
Chew Lun Realty Co Inc,1,2,,531311,748 Jackson St Rentals | Chew Lun Realty Co,"740 Jackson St, San Francisco, 94133","748 Jackson St, San Francisco"
Chinatown Properties LLC,1,2,,531110,Chinatown Properties LLC,"1859 29th Ave, San Francisco, 94122","120 Trenton St, San Francisco"
Chou Evergreen Realty Inc,1,2,,531210,Evergreen Realty,"2266 34th Ave, San Francisco, 94116","2266 34th Ave, San Francisco"
Churchill Partners LLC,1,2,,531110,Chruchill Partners LLC,"585 Dartmouth Ave, San Carlos, 94070","2474 Washington St, San Francisco"
Cikes Properties LLC,1,2,,531110,Cikes Properties LLC,"190 Forest Side Ave, San Francisco, 94127","190 Forest Side Ave, San Francisco"
"Citibrokers Real Estate, Inc.",1,2,Outer Richmond,53,"Citibrokers Real Estate | Citibrokers Real Estate, Inc.","5840 Geary Blvd, San Francisco, 94121","5840 Geary Blvd, San Francisco"
City Ctr Realty Partners LLC,1,2,,531390,City Center Real Estate Services LLC,"363 Village Sq, Orinda, 94563","363 Village Sq, Orinda"
City Real Estate Services Inc,1,2,,531210,"City Real Estate Services, Inc","629 Divisadero St, San Francisco, 94117","629 Divisadero St, San Francisco"
City View Partners Pm LLC,1,2,,531312,City View Partners Pm LLC,"2255 27th Avenue, San Francisco, 94116","2255 27th Ave, San Francisco"
"Cko Properties, LLC",1,2,,531390,"Cko Properties, LLC","501 Crescent Way Apt 5108, San Francisco, 94134","1555 Yosemite Ave Ste 40, San Francisco"
"Clanton Apartments, LLC",1,2,,531110,"Clanton Apartments, LLC","416 Nw 13th Ave Apt 504, Portland, 97209","1580 Golden Gate Ave, San Francisco"
"Clay Street Apartments, LLC",1,2,,531110,"Clay Street Apartments, LLC","60 E Sir Francis Drake Blvd 205 Ste, Larkspur, 94939","60 E Sir Francis Drake Blvd Ste 205, Larkspur"
Coit Tower Properties Inc,1,2,,531311,Coit Tower Properties Inc,"2001 Union St Ste 300, San Francisco, 94123","2001 Union St Ste 300, San Francisco"
Colla & Ray Real Estate Inc,1,2,,531210,Colla & Ray Real Estate Inc.,"250 Columbus Ave Ste 200, San Francisco, 94133","250 Columbus Ave Ste 200, San Francisco"
Coral Manor Properties LLC,1,2,,53,1200 15th Avenue Apartments,"695 Pacheco St, San Francisco, 94116","1200 15th Ave, San Francisco"
Corinthian Apartments Sf Lp,1,2,,531110,Corinthian Apartments Sf Lp,"1717 Powell St Ste 300, San Francisco, 94133","512 Van Ness Ave, San Francisco"
"Cornwall Gnw Properties, LLC",1,2,Inner Richmond,531110,351 Cornwall Street,"591101 Po Box, San Francisco, 94159","351 Cornwall St, San Francisco"
Corterra Real Estate Inc,1,2,,531210,Corterra Real Estate,"88 Townsend St Apt 202, San Francisco, 94107","88 Townsend St Apt 202, San Francisco"
Cow Hollow Management Co LLC,1,2,,53,Cow Hollow Management Co LLC,"Po Box 470068, San Francisco, 94147","3024 Pierce St, San Francisco"
Crestline Drive Apartments LLC,1,2,,531110,30 Crestline Dr Apt LLC,"2443 Fillmore St, San Francisco, 94115","30 Crestline Dr, San Francisco"
Crestview Apartments,1,2,,531110,1980 Washington Apts,"4745 Geary Blvd, San Francisco, 94118","1980 Washington St, San Francisco"
Crosby Apartments Lp,1,2,Nob Hill,531110,Crosby Apartments Lp,"1717 Powell St Ste 300, San Francisco, 94133","940 Post St, San Francisco"
Crystal Tower Partners LLC,1,2,,531110,2140 Taylor Street,"1145 Market St Fl 1200, San Francisco, 94103","2140 Taylor St, San Francisco"
Csv Hospitality Management LLC,1,2,,531390,Csv Hospitality Management LLC,"212 Sutter St Fl 3, San Francisco, 94108","212 Sutter St Fl 3, San Francisco"
Ctaj Properties LLC,1,2,,531110,Ctaj Properties LLC,"305 Mcknight Park Dr, Pittsburgh, 15237","2825 Pine St, San Francisco"
Cupola Realty Inc,1,2,Outer Richmond,531311,Cupola Realty Inc,"2017 Balboa St, San Francisco, 94121","2017 Balboa St, San Francisco"
Daigian Properties LLC,1,2,Mission,53,3211 24th St Bldg,"810 Carsten Cir, Benicia, 94510","3211 24th St, San Francisco"
David & Catherine Biggio Partners Lawton Street Apartments,1,2,,531110,Lawton Street Apartments,"125 Roque Moraes Dr, Mill Valley, 94941","1300 Lawton St, San Francisco"
Davin Real Estate Holding LLC,1,2,Mission,531110,Davin Real Estate Holdding LLC,"3243 Mission St #, San Francisco, 94110","3358 Cesar Chavez, San Francisco"
"Dbb Property, LLC",1,2,,531110,"Dbb Property, LLC","8 Pepperwood, Corte Madera, 94925","8 Pepperwood, Corte Madera"
Deca Partners LLC,1,2,,531390,Deca 800 Cesar Chavez Owner LLC,"3130 20th St Ste 290, San Francisco, 94110","800 Cesar Chavez St, San Francisco"
Deja Vu Properties LLC,1,2,,531110,High Grove House,"472 Grove St, San Francisco, 94102","472 Grove St, San Francisco"
Del Rentals LLC,1,2,,531110,Del Rentals LLC,"2804 Gateway Oaks Dr 100, Sacramento, 95833","196 College Ave, San Francisco"
Delaware Lakewood Apts. LLC,1,2,,531110,Delaware Lake Apts LLC,"515 John Muir Dr, San Francisco, 94132","515 John Muir Dr, San Francisco"
Delfino California St. Apts.,1,2,Outer Richmond,531110,Delfino California St. Apts.,"252 Francisco St Fl, San Francisco, 94133","6310 California St, San Francisco"
"Denj Property, LLC",1,2,Outer Richmond,531110,"Denj Property, LLC","535 Edinburgh St, San Francisco, 94112","467 30th Ave Unit 469, San Francisco"
Devipaws & Partners,1,2,,53,Devipaws & Partners,"3931 19th St, San Francisco, 94114","3931 19th St, San Francisco"
"Devla Real Estate, LLC",1,2,,531311,"Devla Real Estate, LLC","1690 Filbert St Apt A, San Francisco, 94123","1690 Filbert St Apt A, San Francisco"
Diane Properties Corporation,1,2,,531110,Diane Properties Corporation,"55 Sadowa St, San Francisco, 94112","55 Sadowa St, San Francisco"
"Dicha Properties, LLC",1,2,,531110,"Dicha Properties, LLC","32 Laidley St, San Francisco, 94131","17 Wood St, San Francisco"
"Dinapoli Capital Partners, LLC",1,2,,531390,"Dinapoli Capital Partners, LLC","3021 Citrus Cir Ste 130, Walnut Creek, 94598","2 Embarcadero Ctr, San Francisco"
Distinctive Property Management LLC,1,2,Inner Richmond,531390,Distinctive Property Management LLC,"39 Hemway Ter, San Francisco, 94117","4224 California St Ste 204, San Francisco"
Dnd Properties LLC,1,2,,531110,Dnd Properties Holdings LLC,"Po Box 29624, San Francisco, 94129","3340 Jackson St, San Francisco"
Dogpatch Properties LLC,1,2,,531311,Dogpatch Properties LLC,"548 Market St # 66918, San Francisco, 94104","2546 3rd St 1, San Francisco"
Dolomite Property Services,1,2,,531311,Dolomite Property Services,"190291 Po Box, San Francisco, 94119","190291 Po Box, San Francisco"
Dor-Eight Company,1,2,,531110,258 Dorland St Apts,"2001 Union St Ste 300, San Francisco, 94123","258 Dorland St, San Francisco"
Dp Asset Management LLC,1,2,,531390,Dp Asset Management LLC,"818 W 7th St Ste 410, Los Angeles, 90017","550 Montgomery St Ste 400, San Francisco"
"Dp Management Services, Inc.",1,2,,531312,Montgomery Office,"818 W 7th St Ste 410, Los Angeles, 90017","500 Montgomery St Ste 400, San Francisco"
Dpa Properties,1,2,Noe Valley,531110,"Dpa Properties, LLC","424 Dumbarton Ave C Bldg, Redwood City, 94063","125 Jersey St, San Francisco"
Dr Stephens & Company,1,2,,531312,Dr Stephens & Company,"601 California St Ste 1710, San Francisco, 94108","601 California St Ste 1710, San Francisco"
Drawbridge Realty Management,1,2,,531390,"Drawbridge Realty Management, LLC","Three Embarcadero Ctr Ste 2310, San Francisco, 94111","Thre Embarcadero Ctr Ste 2310, San Francisco"
Duboce Partners Lp,1,2,,531110,Duboce Partners Lp,"1489 Webster St Ste 288, San Francisco, 94115","402 Duboce Ave, San Francisco"
Dunham Properties LLC,1,2,,531110,Dunham Properties LLC,"824 Green St, San Francisco, 94133","824 Green St, San Francisco"
Dunhill Partners West,1,2,,531210,Dunhill Partners West,"2001 Van Ness Ave Ste 409b, San Francisco, 94109","388 Market St, San Francisco"
Dunmore Associates,1,2,Outer Richmond,531110,Dunmore Associates,"Po Box P.O. Box 22428, San Francisco, 94122","174 20th Ave, San Francisco"
Dwak Associates LLC,1,2,,531110,50 Mallorca Way Apts,"2715 Filbert St, San Francisco, 94123","50 Mallorca Way, San Francisco"
E Litke & Litke Properties Inc,1,2,,531110,2090 Broadway Associates,"Po Box 885373, San Francisco, 94188","2090 Broadway St, San Francisco"
E&T Housing Gp LLC,1,2,,531110,None,"201 Eddy St, San Francisco, 94102","201 Eddy St, San Francisco"
Ec Properties,1,2,,531110,Ec Properties,"110 Eugenia Ave, San Francisco, 94110","110 Eugenia Ave, San Francisco"
Ecs Housing Corporation,1,2,,531110,Ecs Housing Corporation,"165 8th St, San Francisco, 94103","165 8th St, San Francisco"
Eddy & Taylor Associates Lp,1,2,,531110,Eddy & Taylor Associates Lp,"201 Eddy St, San Francisco, 94102","222 Taylor St, San Francisco"
Eddy Street Apartments,1,2,,531110,Eddy Street Apartments,"368 Fell St, San Francisco, 94102","1096 Eddy St, San Francisco"
Elizabethan Properties,1,2,,531110,Elizabethan Properties,"638 Vienna St, San Francisco, 94112","1960 /195 Pierce St, San Francisco"
Ellis 350 Associates L P,1,2,,531110,Ellis 350 Associates L P,"201 Eddy St, San Francisco, 94102","201 Eddy St, San Francisco"
"Ellis Street Associates, L.P.",1,2,,531110,None,"201 Eddy St, San Francisco, 94102","201 Eddy St, San Francisco"
Emeryville Associates Inc,1,2,,531390,Emeryville Associates Inc,"355 Hayes St, San Francisco, 94102","355 Hayes St, San Francisco"
"Empire Court Apartments, LLC",1,2,Nob Hill,531110,"Empire Court Apartments, LLC","Po Box 31028, San Francisco, 94131","850 Leavenworth St, San Francisco"
Epro Management,1,2,,531311,Epro Management,"723 Camino Plz, San Bruno, 94066","723 Camino Plz, San Bruno"
Equity Office Management LLC,1,2,,531390,North Park,"233 S Wacker Dr Ste 4700, Chicago, 60606","655 Davis St, San Francisco"
Esther Pilch C/O Gaetani Real Estate Inc,1,2,Outer Richmond,531110,"Mes Investments, LLC","4444 Geary Blvd Ste 100, San Francisco, 94118","5044 Geary Blvd, San Francisco"
Evans Property Management Inc,1,2,,531110,Evans Property Mgmt Inc,"1990 N California Blvd Fl 8, Walnut Creek, 94596","1000 Broadway Ste 300, Oakland"
Everwhite Real Estate LLC,1,2,,531110,2267-2275 Hayes Street Apts,"2120 Market St Ste 105, San Francisco, 94114","2267 -227 Hayes St, San Francisco"
"F & A Consulting & Investment Group, Inc",1,2,,531210,"F & A Investing & Investment Group, LLC","19 Victoria St, San Francisco, 94132","19 Victoria St, San Francisco"
Farnham Properties Inc.,1,2,Nob Hill,531110,"886 Sutter St. San Francisco, Ca. 94109","886 Sutter St 100 Ste, San Francisco, 94109","886 Sutter St Unit 100, San Francisco"
Fellmore Management,1,2,Haight Ashbury,53,Fellmore Management,"1080 Haight St, San Francisco, 94117","1080 Haight St, San Francisco"
Fifth And Third Partners LLC,1,2,,531390,Associate Capital,"1201 Illinois St A Bldg, San Francisco, 94107","420 23rd St, San Francisco"
Fifth Keil Company,1,2,,531312,Fifth Keil Company,"244 Kearny St Fl 3, San Francisco, 94108","244 Kearny St Fl 3, San Francisco"
Filbert Fll Apts. Lp,1,2,Nob Hill,531110,Filbert Fll Apts. Lp,"1717 Powell St Ste 300, San Francisco, 94133","1430 Sacramento St, San Francisco"
Filbert Fll Partners LLC,1,2,,531110,Filbert Fll Partners Lp,"1717 Powell St Ste 300, San Francisco, 94133","1267 Filbert St, San Francisco"
Filbert Street Rentals,1,2,,531110,Filbert Street Rentals,"2656 Po Box, Truckee, 96160","1708 Filbert St, San Francisco"
First Pacific Property Mgmt,1,2,,53,First Pacific Property Mgmt | Norcal Property Management,"170 King St Unit 506, San Francisco, 94107","601 Van Ness Ave Ste P, San Francisco"
Fishbone Partners LLC,1,2,,531110,Fishbone Partners LLC,"1890 40th Ave, San Francisco, 94122","1890 40th Ave, San Francisco"
Five Point Communities Management Inc,1,2,,531390,Five Point Communities Management Inc,"2000 Fivepoint Fl 4, Irvine, 92618","1 Sansome St 3200, San Francisco"
"Five Point Operating Company, Lp",1,2,,531390,Five Point Operating Company,"2000 Fivepoint Fl 4, Irvine, 92618","25 Enterprise Ste 300, Aliso Viejo"
Flynn Development Group LLC,1,2,,531390,Flynn Development Group LLC,"2960 Van Ness Ave, San Francisco, 94109","2960 Van Ness Ave, San Francisco"
Flynn Management Inc,1,2,,531312,Flynn Management Inc,"225 Bush St Ste 1800, San Francisco, 94104","225 Bush St Ste 1800, San Francisco"
Fog City Property LLC,1,2,,531110,Fog City Property LLC,"55 Octavia St, San Francisco, 94102","77 Van Ness St 203, San Francisco"
Folsom Street Associates LLC,1,2,,53,Folsom Street Associates LLC,"27 Maiden Ln Ste 250, San Francisco, 94108","620 Folsom St, San Francisco"
Fong Wong Properties,1,2,Inner Richmond,53,Fong Wong Properties,"401 E 21st St, Oakland, 94606","622 5th Ave, San Francisco"
Foothill Management,1,2,,531110,Foothill Management,"2961 Washington St A #, San Francisco, 94115","2961 Washington St A, San Francisco"
Forest City Residential West Inc,1,2,,531110,Forest City Residential West Inc,"127 Public 3200 Ste, Cleveland, 44114","875 Howard St #330, San Francisco"
Forge Development Partners LLC,1,2,,531390,Forge Development Partners,"3450 Sacramento St Ste 434, San Francisco, 94118","155 Montgomery St Ste 300, San Francisco"
Fortress Property Group LLC,1,2,,531390,Fortress Property Group LLC,"1960 Vallejo St Apt 1, San Francisco, 94123","1960 Vallejo St Apt 1, San Francisco"
"Fowler Property Investments, Lp",1,2,,531110,273 Filbert Apartments,"2222 Francisco Dr Ste 220-584, El Dorado Hills, 95762","273 Filbert St, San Francisco"
"Fpi Management, Inc.",1,2,,531311,"Fpi Management, Inc.","800 Iron Point Rd, Folsom, 95630","800 Iron Point Rd, Folsom"
Francesca Apartments Lp,1,2,,531110,Francesca Apartments Lp,"1717 Powell St Ste 300, San Francisco, 94133","837 Geary St, San Francisco"
Freedom West Homes Corporation,1,2,,531110,Freedom West Homes Corporation,"820 Mcallister St, San Francisco, 94102","820 Mcallister St, San Francisco"
"Freedom West Senior Partners, Lp",1,2,,531110,"Freedom West Senior Partners, Lp","1388 Sutter St Fl 11, San Francisco, 94109","1388 Sutter St Fl 11, San Francisco"
Friedkin Realty Group Inc,1,2,,531390,Friedkin Realty Group Inc,"44 Montgomery St 3700 Ste, San Francisco, 94104","44 Montgomery St Ste 4150, San Francisco"
Frontenac Apts Lp,1,2,,531110,Frontenac Apts Lp,"1717 Powell St Ste 300, San Francisco, 94133","500 Hyde St, San Francisco"
"Frontline Realty Capital, LLC",1,2,,531390,"Frontline Realty Capital, LLC","125 Stillman St, San Francisco, 94107","125 Stillman St, San Francisco"
Fsy Empire Partners Lp,1,2,,531311,Fsy Empire Partners Lp,"Po Box 475037, San Francisco, 94147","461 Broadway St Ste 200, San Francisco"
Fulton Street Associates LLC,1,2,,531110,Fulton Street Associates LLC,"0000 Undeliverable Mail, San Francisco, 99999","337 Fulton St, San Francisco"
G&R Management Enterprise Corp,1,2,,531311,G&R Management Enterprise Corp,"307 Langton St, San Francisco, 94103","307 Langton St, San Francisco"
G. Bakar Properties Inc,1,2,,531390,G. Bakar Properties Inc,"201 Filbert St Ste 700, San Francisco, 94133","201 Filbert St 700, San Francisco"
"Gabreila Apartments, Ltd",1,2,,531110,"Gabreila Apartments, Ltd","50 Vashell Way Ste 400, Orinda, 94563","587 Natoma St, San Francisco"
Gaetani Real Estate,1,2,Inner Richmond,531311,Gaetani Real Estate,"4444 Geary Blvd 100 Ste, San Francisco, 94118","4444 Geary Blvd Ste 100, San Francisco"
Gaetani Realty Inc,1,2,,531110,2245 Beach St Apts,"4444 Geary Blvd Ste 105, San Francisco, 94118","2245 Beach St, San Francisco"
Galway Properties II,1,2,Mission,531110,Galway Properties II,"Po Box P O Box 470158, San Francisco, 94147","2405 16th St, San Francisco"
"Gamba Apartments, LLC",1,2,,531110,"Gamba Apartments, LLC","2546 38th Ave, San Francisco, 94116","1772 Dolores St, San Francisco"
Gao Properties LLC,1,2,,531390,Gao Properties LLC,"2594 Oakdale Ave, San Francisco, 94124","2594 Oakdale Ave, San Francisco"
Gautier Sf Comm Property LLC,1,2,Haight Ashbury,531110,Gautier Sf Comm Property LLC,"99 Saint Germain Ave, San Francisco, 94114","728 Cole St, San Francisco"
Gaylord Associates Lp,1,2,,531110,620 Jones St Bldg,"1717 Powell St Ste 300, San Francisco, 94133","620 Jones St, San Francisco"
Gb Wharf Associates Lp,1,2,,531110,Wharf Plaza 1 | Wharf Plaza II,"201 Filbert St Ste 700, San Francisco, 94133","1855 Kearny St, San Francisco"
"Geary Alpha Partners, L.P.",1,2,Outer Richmond,531110,Na,"940 Emmett Ave Ste 200, Belmont, 94002","5200 Geary Blvd, San Francisco"
Geary Manor Associates LLC,1,2,,531110,Geary Manor Associates LLC,"1717 Powell St Ste 300, San Francisco, 94133","760 Geary St, San Francisco"
Geary Real Estate Inc.,1,2,,531311,Geary Real Estate Inc.,"1822 Valley Of The Moon Rd, Livermore, 94550","1822 Valley Of The Moon Rd, Livermore"
Geary-Hyde Apartments LLC,1,2,,53,Geary-Hyde Apartments LLC | Geary-Hyde Apartments LLC - Commercial Units,"Po Box 851, Mill Valley, 94942","611 Hyde St #619, San Francisco"
Generations Realty Inc,1,2,Inner Richmond,531210,Generations Realty Inc,"625 11th Ave, San Francisco, 94118","625 11 Ave, San Francisco"
Ggr Property Management LLC,1,2,,531311,Ggr Property Management LLC,"Po Box 16692, San Francisco, 94116","16692 Po Box, San Francisco"
Glen Park Partners LLC,1,2,,531110,Glen Park Partners LLC,"1792 26th Ave, San Francisco, 94122","6 Po Box, Brisbane"
"Glenn Good Group, LLC",1,2,,531312,"Glenn Good Group, LLC","0000 Undeliverable Mail, San Francisco, 99999","235 Montgomery St Ste 1144, San Francisco"
Gme Partners LLC,1,2,,531110,2297 Laguna Apts,"1324 N Lemon Ave, Menlo Park, 94025","2297 Laguna St, San Francisco"
"Golden Gate Group Investments, LLC",1,2,,531210,"Golden Gate Group Investments, LLC","548 Market St 514114, San Francisco, 94104","548 Market St, San Francisco"
Golden Management L P,1,2,,531390,"Golden Management L P | Golden Management, Inc.","460 Davis Ct, San Francisco, 94111","460 Davis Ct, San Francisco"
Good Earth Realty Inc,1,2,,53,Good Earth Realty Co Inc,"1945 Ocean Ave, San Francisco, 94127","785 Columbus Ave, San Francisco"
Gordon/Clifford Realty Inc.,1,2,,531110,1814 Filbert Street,"1572 Union St, San Francisco, 94123","1814 Filbert St, San Francisco"
Gortang Property Management Inc,1,2,Mission,531312,Gortang Property Management Inc,"Po Box 410502, San Francisco, 94141","2525 16th St Ste 304, San Francisco"
Gough Street Apartments LLC,1,2,,531390,Gough Street Apartments LLC,"635 Vallejo St, San Francisco, 94133","1530 Gough St, San Francisco"
Graystone Partners Lp,1,2,Haight Ashbury,531110,Graystone Partners Lp,"1717 Powell St Ste 300, San Francisco, 94133","250 Divisadero St #262, San Francisco"
Green Cities Investment Management LLC,1,2,,531110,"Green Cities Investment Management, LLC","920 Sw 6th Ave Ste 1350, Portland, 97204","201 Mission St Ste 500, San Francisco"
Greene Realty Group LLC,1,2,,531110,Greene Realty Group LLC,"41 Noe St, San Francisco, 94114","41 Noe St, San Francisco"
"Greensea Properties, LLC",1,2,,531110,"Greensea Properties, LLC","2653 Leavenworth St, San Francisco, 94133","1367 7th Ave, San Francisco"
Greenwich Associates LLC,1,2,,531110,Greenwich Associates | Greenwich Parking,"3475 California St, San Francisco, 94118","725 Greenwich St, San Francisco"
"Greenwich Garden Apartments, LLC",1,2,,531110,"Greenwich Garden Apartments, LLC","1819 Polk St 373, San Francisco, 94109","1120 Greenwich St, San Francisco"
"Greenwich Properties, LLC",1,2,,531110,"Greenwich Properties, LLC","Po Box 471795, San Francisco, 94147","Lombard St, San Francisco"
Gregg Lynn Team Real Estate Inc.,1,2,,531210,Gregg Lynn Team | Gregg Lynn Team Real Estate,"1080 Chestnut St Apt 1e, San Francisco, 94109","1080 Chestnut St Apt 1e, San Francisco"
Grehound Associates Lp,1,2,,53,Greyhound Associates Lp,"1995 Broadway Fl 3, New York, 10023","1995 Broadway, New York"
Greystar Management Svcs Lp,1,2,,531390,Greystar Management Svcs Lp,"2525 E Camelback Rd Ste 500, Phoenix, 85016","3200 E Camelback Rd Ste 255, Phoenix"
Grosvenor Properties Ltd,1,2,,531311,Grosvenor Properties Ltd,"222 Front St Fl 7, San Francisco, 94111","222 Front St Fl 7, San Francisco"
Grotte Group Real Estate Inc.,1,2,Noe Valley,531390,Grotte Group Real Estate,"175 Delmar St, San Francisco, 94117","3899 24th St, San Francisco"
Gruber Partners,1,2,Outer Richmond,531110,159-19th Ave,"Po Box 470126, San Francisco, 94147","159 19th Ave, San Francisco"
"Gs Commercial Management, Inc.",1,2,,531312,Gs Management Company,"5674 Sonoma Dr Ste A, Pleasanton, 94566","5674 Sonoma Dr Ste A, Pleasanton"
Guan Real Estate Holding,1,2,Outer Richmond,531110,Guan Real Estate Holding LLC,"608 20th Ave, San Francisco, 94121","608 20th Ave, San Francisco"
H & M Real Estate Inc,1,2,,531311,Heights Properties,"1716 Union St, San Francisco, 94123","1716 Union St, San Francisco"
H&H Partners LLC,1,2,,531110,H&H Partners LLC,"707 Ellis St, San Francisco, 94109","719 Ellis St, San Francisco"
H2 Realty LLC,1,2,,531110,H2 Realty LLC,"2106 Jackson 3, San Francisco, 94115","2106 Jackson Street 3, San Francisco"
"Haight Street Re Group, Lp",1,2,Haight Ashbury,531110,"Haight Street Re Group, Lp","100 Green St, San Francisco, 94111","688 Haight St, San Francisco"
Haight Street Senior Housing Inc,1,2,Haight Ashbury,531110,Buena Vista Terrace,"201 Eddy St, San Francisco, 94102","1250 Haight St, San Francisco"
Hardwick Partners II Lp,1,2,,531110,1530 California St (Commercial) C/O Chandler Properties | 1530 California Street (Residential),"0000 Undeliverable Mail, San Francisco, 99999","2799 California St, San Francisco"
Hardwick Partners Lp,1,2,,531110,Hardwick Partners Lp,"3475 California St, San Francisco, 94118","201 Moraga St, San Francisco"
"Harmony Investment Group, LLC",1,2,,531110,656 Pacific Rooming House | Harmony Investment Group LLC,"1399 Lowrie Ave Ste 3, South San Francisco, 94080","656 Pacific Ave, San Francisco"
Hatch Realty Group,1,2,,531210,Hatch Realty Group,"38 Bryant St Unit 709, San Francisco, 94105","38 Bryant St Apt 709, San Francisco"
Hayes Elite Property Investmen,1,2,,53,Hayes Property Group,"1537 8th Ave, San Francisco, 94122","1537 8th Ave, San Francisco"
Hbh Management LLC,1,2,,531311,Sammie's Home,"5700 Stoneridge Mall Rd Ste 260, Pleasanton, 94588","1537 Revere Ave, San Francisco"
Hc & M Comm Properties Inc,1,2,,531210,Hc & M Comm Properties Inc,"1234 Mariposa St, San Francisco, 94107","1234 Mariposa St, San Francisco"
Henry & Hedwa Greenspan Properties Bay Street LLC,1,2,,53,2190 Bay Street,"Po Box 25179, San Mateo, 94402","2190 Bay St, San Francisco"
Henry & Hedwa Greenspan Properties Burnett LLC,1,2,,53,Henry & Hedwa Greenspan Properties Burnett LLC,"Po Box 25179, San Mateo, 94402","428 Burnett Ave, San Francisco"
Hillscape Properties Inc,1,2,,53,"Hillscape Properties, Inc.","601 Montgomery St Ste 850, San Francisco, 94111","601 Montgomery St, San Francisco"
Holly Courts Housing Associates Lp,1,2,,531110,Holly Courts,"0000 Undeliverable Mail, San Francisco, 99999","100 Appleton Ave, San Francisco"
Homes By Jen Inc,1,2,,531311,Homes By Jen Inc Dba Homes By Jen SF,"2819 Lawton St, San Francisco, 94122","2819 Lawton St, San Francisco"
Hospitality And Investment Real Estate Advisors,1,2,,531210,Hire Advisors | Hospitality And Investment Real Estate Advisors,"2309 Noriega St 1012 #, San Francisco, 94122","2309 Noriega St, San Francisco"
Hotel Grand South Partners Lp,1,2,,531110,Hotel Isabel,"230 230 4th St, San Francisco, 94103","1091 Mission St, San Francisco"
Hunters View Associates Lp,1,2,,531110,Hunters View Associates Lp,"1388 Sutter St Fl 11, San Francisco, 94109","1388 Sutter St Fl 11, San Francisco"
"Husky Housing, LLC",1,2,Inner Richmond,531110,"Husky Housing, LLC","2108 N St Ste N, Sacramento, 95816","561 Arguello Blvd, San Francisco"
"Hv Partners 3, Lp",1,2,,531110,"Hv Partners 3, Lp","1388 Sutter St Fl 11, San Francisco, 94109","1388 Sutter St Fl 11, San Francisco"
Hyde Park Apartments LLC,1,2,,531110,Hyde Park Apartments LLC,"1201 Fulton St, San Francisco, 94117","360 Hyde St, San Francisco"
Hyde Street Properties LLC,1,2,Nob Hill,531110,1029 Hyde Street,"1144 Cortez Ave, Burlingame, 94010","1029 Hyde St, San Francisco"
IIno Real Estate Inc.,1,2,,531210,IIno Real Estate Inc.,"52 Millard Rd, Larkspur, 94939","560 Davis St Ste 150, San Francisco"
IVories Management LLC,1,2,,531110,IVories Management LLC | S.F. Rentals,"822 Bay St, San Francisco, 94109","822 Bay St, San Francisco"
Ijc Novak Management LLC,1,2,,531311,Ijc Novak Management LLC,"8 Mendosa Ave, San Francisco, 94116","8 Mendosa Ave, San Francisco"
Ikeda Partners Llp,1,2,,531110,Ikeda Partners Llp,"3150 Octavia St, San Francisco, 94123","1875 -77 Lombard St, San Francisco"
"Ikon Realty, Inc.",1,2,,531210,"Ikon Realty, Inc.","1 Holloway Ave, San Francisco, 94112","1 Holloway Ave, San Francisco"
Iml Property Management Inc,1,2,,531311,Iml Property Management Inc,"8400 Oceanview Ter Apt 103, San Francisco, 94132","8400 Oceanview Terr 103, San Francisco"
Innovation Real Estate Group,1,2,,531210,Innovation Properties Group | Ipg,"181 2nd St, San Francisco, 94105","181 2nd St, San Francisco"
Inspiration Real Estate Inc,1,2,Nob Hill,53,Inspiration Real Estate Inc | Milan Appraisers,"1500 Taylor St, San Francisco, 94133","1500 Taylor St, San Francisco"
Int'l Hotel Senior Housing Inc,1,2,,531110,Int'l Hotel Senior Housing Inc,"615 Grant Ave, San Francisco, 94108","848 Kearny St, San Francisco"
Irving Lincoln Real Estate Inc.,1,2,,531210,Asia Pacific Groups,"1290 24th Ave, San Francisco, 94122","1290 24th Ave, San Francisco"
Irving Management LLC,1,2,,531110,Irving Management LLC,"944 Irving St, San Francisco, 94122","944 Irving St, San Francisco"
Isackson Investment Company,1,2,,531110,Isackson Investment Company,"1220 Howard Ave 216 Ste, Burlingame, 94010","3440- 3450 California St, San Francisco"
Ism Management Company LLC,1,2,Mission,531110,Ism Management Company LLC,"1516 S Bundy Dr Ste 300, Los Angeles, 90025","1760 Mission St, San Francisco"
J C Property Investment,1,2,,531210,J C Property Investment,"270 Willow Ave, Millbrae, 94030","270 Willow Ave Millbrae, Millbrae"
J Wavro Associates Inc,1,2,Noe Valley,531210,J Wavro Associates | J Wavro Property Management,"4278 25th St, San Francisco, 94114","4278 25th St, San Francisco"
J.Wavro Property Management,1,2,Noe Valley,531311,J.Wavro Pm | J.Wavro Property Management,"4278 25th St, San Francisco, 94114","4278 25th St, San Francisco"
Jabour Presidio Properties LLC,1,2,,531110,Jabour Presidio Properties,"333 N Sunrise Way # 1683, Palm Springs, 92262","Presidio Ave, San Francisco"
Jacks Properties LLC,1,2,,53,Jacks Properties,"1154 Fell St # B, San Francisco, 94117","1154 Fell St #B, San Francisco"
Jackson Place Associates Lp,1,2,,531110,Jackson Place Associates Lp,"633 Battery St 100 Ste, San Francisco, 94111","633 Battery St 100, San Francisco"
Jackson Square Properties LLC,1,2,,531390,Jackson Square Properties,"655 Montgomery St Ste 1700, San Francisco, 94111","655 Montgomery St Ste 1700, San Francisco"
"Janu Real Estate, LLC",1,2,,53,"Janu Real Estate, LLC","1142 Rhode Island St, San Francisco, 94107","1142 Rhode Island St, San Francisco"
Jdse Properties LLC,1,2,,53,Jdse Properties LLC,"Po Box 4914, Walnut Creek, 94596","2761 Mcallister St, San Francisco"
Jeb Properties,1,2,,531110,Jeb Properties,"2003 Comistas Dr, Walnut Creek, 94598","372 West Portal Ave, San Francisco"
Jekyll Apartments LLC,1,2,,531110,Jekyll Apartments LLC,"1201 Fulton St, San Francisco, 94117","138 Hyde St, San Francisco"
Jennifer Gottlieb Real Estate,1,2,Mission,531210,Jennifer Gottlieb Real Estate,"715 Florida St, San Francisco, 94110","715 Florida St, San Francisco"
Jenny He Realty Associates,1,2,,531210,Central Realty,"32 Byxbee St, San Francisco, 94132","32 Byxbee St, San Francisco"
Jer Clayton Properties LLC,1,2,,531110,Jer Clayton Properties LLC,"16 25th Ave, San Francisco, 94121","16 25th Ave, San Francisco"
Jesse Apartments Lp,1,2,,531110,Jesse Apartments Lp,"1717 Powell St Ste 300, San Francisco, 94133","1449 Washington St, San Francisco"
Jiang's Property LLC,1,2,Outer Richmond,531110,Jiang's Property LLC,"300 Castenada Dr, Millbrae, 94030","600 24th Ave, San Francisco"
Jk Pacific Realty LLC,1,2,,531110,Jk Pacific Realty LLC,"726 Noriega St, San Francisco, 94122","1915 Bush St, San Francisco"
Jklm Partners LLC,1,2,,531110,Jklm Partners LLC,"1792 26th Ave, San Francisco, 94122","6 Po Box, Brisbane"
Jl 8th Ave Property LLC,1,2,Inner Richmond,531110,Jl 8th Ave Property LLC,"1605 Po Box, Burlingame, 94011","308 -312 8th Ave, San Francisco"
Jm Real Estate Development Inc,1,2,,531311,Jm Real Estate Development Inc,"2 Mclea Ct 202 Ste, San Francisco, 94103","2 Mclea Ct Ste 202, San Francisco"
Jm Real Estate Group Inc,1,2,,531210,J&M Properties | James Wong Realtor | Jm Properties,"1728 Ocean Ave Ste 170, San Francisco, 94112","1728 Ocean Ave Ste 170, San Francisco"
Jmc Realty Corp,1,2,,531210,Jmc Realty Corp,"Po Box 225194, San Francisco, 94122","1 Daniel Burnham Ct Unit 617, San Francisco"
"Jmj Properties 2022, LLC",1,2,,531110,"Jmj Properties 2022, LLC","2946 21st Ave, San Francisco, 94132","2946 21st Ave, San Francisco"
John Brennan Company Inc,1,2,,53,John Brennan Company Inc,"425 Divisadero St Ste 305, San Francisco, 94117","425 Divisadero St Ste 305, San Francisco"
John Lepage Real Estate Inc.,1,2,,531210,John Lepage Real Estate Inc.,"215 Ne Cerritos Dr, Palm Springs, 92262","215 Ne Cerritos Dr, Palm Springs"
Jones Street Apartments,1,2,,531110,424 Jones Street Apts,"1201 Fulton St, San Francisco, 94117","424 Jones St, San Francisco"
Jordex Management Inc.,1,2,,53,Jordex Management Inc,"Po Box 580, San Francisco, 94104","1932 Baker St, San Francisco"
"Jq Properties, Lp",1,2,,531110,942-950 Grant Ave. San Francisco,"33 Tyson Cir, Piedmont, 94611","Grant Ave, San Francisco"
Js Associates And Investments Inc,1,2,Mission,53,Millennium Realty,"2480 Mission St Ste 108, San Francisco, 94110","2480 Mission St Ste 108, San Francisco"
Js Mattison & Company Inc,1,2,,531312,Js Mattison & Company Inc,"3701 Sacramento St # 300, San Francisco, 94118","50 California St Ste 1500, San Francisco"
Juniper Capital Management,1,2,Mission,531110,Juniper Capital Management,"2501 Harrison St Ste 8, San Francisco, 94110","2501 Harrison St Ste 16, San Francisco"
Jurney Properties LLC,1,2,Mission,531210,Jurney Properties LLC,"216 11th St, San Francisco, 94103","216 11th St, San Francisco"
Jva Management Corp,1,2,,531311,Jva Management Corp,"315 Fernando Ave, Palo Alto, 94306","315 Fernando Ave, Palo Alto"
K G Real Estate Services,1,2,,53,K G Real Estate Services | Pacific Funding Solutions,"2506 Sacramento St, San Francisco, 94115","2506 Sacramento St, San Francisco"
K Group LLC,1,2,Haight Ashbury,531110,K Group LLC,"1335 Sunrise Ct, Los Altos, 94024","164 Parnassus Ave, San Francisco"
K Sakai Company,1,2,,531110,K Sakai Company,"209 10th Ave, San Francisco, 94118","1656 Post St, San Francisco"
Kbam Properties LLC,1,2,,531110,148 Locksley Apts,"2 Dionne Ct, Belmont, 94002","148 Locksley Ave, San Francisco"
Keil Estate Company LLC,1,2,,531312,Keil Estate Company LLC,"244 Kearny St Fl 3, San Francisco, 94108","244 Kearny St Fl 3, San Francisco"
Kenney & Everest Real Estate Inc,1,2,,531210,Kenney & Everest Real Estate Inc | Maureen B Kenny Broker As Trustee,"1569 Leavenworth St, San Francisco, 94109","1569 Leavenworth St, San Francisco"
Kerrwick Associates,1,2,,531110,Kerrwick Associates - 21st Avenue,"Po Box P.O. Box 22428, San Francisco, 94122","44 Sotello Avenue, San Francisco"
Kevin Kropp Real Estate Inc,1,2,,531210,Kevin Kropp Real Estate,"385 Hayes Street St, San Francisco, 94012","2267 15th Street St, San Francisco"
Kinry & Associates LLC,1,2,,531390,Kinry & Associates,"2000 Van Ness Ave Ste 100, San Francisco, 94109","2000 Van Ness Ave 100, San Francisco"
Kivel Stadt Group,1,2,,53,The Kivelstadt Group,"Po Box 580, San Francisco, 94104","1932 Baker St, San Francisco"
Klimm Apartments Lp,1,2,,531110,Klimm Apartments Lp,"201 Eddy St, San Francisco, 94102","460 Ellis St, San Francisco"
Km & Associates LLC,1,2,Outer Richmond,531110,Km & Associates LLC,"1565 48th Ave, San Francisco, 94122","390 26th Ave Rm 9, San Francisco"
Kollmann Realty,1,2,,531210,Kollmann,"0000 Undeliverable Mail, San Francisco, 99999","595 Market St Fl 10, San Francisco"
Kuntala Cheng Realty LLC,1,2,,531210,Kuntala Cheng Realty LLC,"1000 3rd St Unit 803, San Francisco, 94158","2523 California St, San Francisco"
L.K. Property LLC,1,2,Outer Richmond,531110,Taste Of Fusion Kitchen LLC,"2408 Clement St, San Francisco, 94121","2408 Clement St, San Francisco"
La Playa Apartments,1,2,Outer Richmond,531110,La Playa Apartments,"368 Fell St, San Francisco, 94102","770 La Playa St, San Francisco"
Lassen Housing Associates Lp,1,2,,531110,Lassen Apartments,"1990 N California Blvd Fl 8th, Walnut Creek, 94596","441 Ellis St, San Francisco"
Latitude 38 Housing Servcs LLC,1,2,,531110,Latitude 38 Housing Services | Urbanests,"1082 Folsom St, San Francisco, 94103","1082 Folsom St, San Francisco"
Laurel Realty Inc,1,2,,531210,Laurel Properties | Laurel Realty Inc,"3543 Sacramento St, San Francisco, 94118","3543 Sacramento St, San Francisco"
Leading Properties,1,2,,53,Leading Properties,"1801 Van Ness Ave 340 Ste, San Francisco, 94109","1801 Van Ness Ave Ste 340, San Francisco"
Leap San Francisco Bay Area Real Estate Services,1,2,,531210,Hacobian,"1290 Portola Dr # 342, San Francisco, 94127","1290 Portola Dr, San Francisco"
"Lee & Associates - San Francisco, Inc",1,2,,531210,"Lee & Associates - San Francisco, Inc","242 California St, San Francisco, 94111","242 California St, San Francisco"
Lee Theodore B Katsurn Apts,1,2,,531110,Katsura Apts,"3271 S Highland Dr Ste 707, Las Vegas, 89109","1881 Sutter St, San Francisco"
"Legacy Partners Realty, Inc.",1,2,,531390,Soma,"950 Tower Ln Ste 900, Foster City, 94404","788 Harrison St, San Francisco"
Leon Prime Property LLC,1,2,,53,2550 Ocean Ave.,"2443 Fillmore St 536 Unit, San Francisco, 94115","2443 Fillmore St Unit 536, San Francisco"
Leong 550 Filbert St Partners,1,2,,53,Leong 550 Filbert St Partners,"Po Box 330357, San Francisco, 94133","540 Filbert St, San Francisco"
Level Management LLC,1,2,,531312,Level Management LLC,"1574 18th Ave, San Francisco, 94122","1574 18th Ave, San Francisco"
Lightner Property Group Inc,1,2,,531210,Lightner Property Group Inc,"46 Ina Ct, San Francisco, 94112","612 Howard St Ste 390, San Francisco"
Lincoln Property Company,1,2,,531312,Lincoln Property Company,"8111 Douglas Ave Ste 600, Dallas, 75222","55 Francisco St 8th Fl, San Francisco"
Litke Properties & Chu Stella,1,2,,531110,Van Ness Apartments,"3490 California St Ste 206, San Francisco, 94118","2510 Van Ness Ave, San Francisco"
Litke Properties Inc & Litke Jeffrey,1,2,,531110,California Laurel Partners,"3490 California St Ste 206, San Francisco, 94118","3490 California St, San Francisco"
Litke Properties Inc & Litke Jeffrey E,1,2,Nob Hill,531110,King Plaza Partners,"3490 California St Ste 206, San Francisco, 94118","1644 Taylor St, San Francisco"
Lm Management LLC,1,2,,53,Lm Management LLC,"69 Clementina St Unit 202, San Francisco, 94105","69 Clementina St Unit 202, San Francisco"
Local Capital Group,1,2,,531390,Local Capital Group,"Po Box 470790, San Francisco, 94147","2181 Greenwich St, San Francisco"
Lopez Realty,1,2,Noe Valley,531210,Lopez Realty,"3933 23rd St, San Francisco, 94114","3933 23rd St, San Francsico"
Lrm Properties LLC,1,2,,531110,Lrm Properties LLC,"627 Sky Hy Ct, Lafayette, 94549","1600 Filbert St, San Francisco"
"Ls Balboa Properties, LLC",1,2,Outer Richmond,53,"Ls Balboa Properties, LLC","501 Broadway Unit 905, Millbrae, 94030","3830 Balboa St, San Francisco"
Ls Housing Preservation Lp,1,2,,531110,Ls Housing Preservation Lp,"30 Hudson Yards Fl 72, New York, 10001","30 Whitfield Ct Ste 1, San Francisco"
Lsl Columbus Company LLC,1,2,,531110,Lsl Columbus Company LLC,"250 12th Ave 3 Apt, San Francisco, 94118","1323 Columbus Ave Ste 3, San Francisco"
Lsm Properties LLC,1,2,,531110,Lsm Properties LLC,"318 10th Ave, San Francisco, 94118","1240 6th Ave, San Francisco"
Lucerne Apartments LLC,1,2,Nob Hill,531110,Lucerne Apartments LLC,"1717 Powell St Ste 300, San Francisco, 94133","766 Sutter St, San Francisco"
"Luminor Real Estate, Inc.",1,2,,531311,"Luminor Real Estate, Inc.","1792 26th Ave, San Francisco, 94122","1792 26th Ave, San Francisco"
Lurie Real Estate Group,1,2,,531210,The Lurie Group,"0000 Undeliverable Mail, San Francisco, 99999","891 Beach St, San Francisco"
M/M Wine Realty LLC,1,2,,531312,M/M Wine Realty LLC,"27 Poppy Pl, Novato, 94949","757 Bryant St, San Francisco"
Macfarlane Partners Invest LLC,1,2,,531390,Macfarlane Partners Investment Management LLC,"201 Spear St Ste 1100, San Francisco, 94105","595 Market St Ste 810, San Francisco"
Madison Apartments Sf Lp,1,2,Nob Hill,531110,Madison Apartments Sf Lp,"1717 Powell St Ste 300, San Francisco, 94133","765 Sutter St, San Francisco"
Mag Management Inc,1,2,,531110,Mag Management Inc,"1550 Michigan St, San Francisco, 94124","1550 Michigan St, San Francisco"
Magic Partners Properties LLC,1,2,,531110,"Magic Partners Properties, LLC","6231a Mission St, Daly City, 94014","1315 23rd Ave Unit 209, San Francisco"
Maj Partners LLC,1,2,,531311,Maj Partners LLC,"470093 Po Box, San Francisco, 94147","55 Raycliff Ter, San Francisco"
Mann Property Company,1,2,,531390,Mann Property Company,"125 Stillman St, San Francisco, 94107","125 Stillman St, San Francisco"
Marbill Management Inc,1,2,,531390,Marbill Management Inc,"2443 Fillmore St, San Francisco, 94115","2443 Fillmore St Pmb 368, San Francisco"
Maria Alicia Associates,1,2,Mission,53,Maria Alicia Associates,"474 Valencia St Ste 280, San Francisco, 94103","3090 16th St, San Francisco"
Marieta Mecham Properties LLC,1,2,,531110,1955 Broadway St Apts,"580 Pepper Ave, Hillsborough, 94010","1955 Broadway, San Francisco"
Marina Heights Apartments LLC,1,2,,531110,Marina Heights Apartments LLC,"3450 Sacramento St # 151, San Francisco, 94118","3697 Mt. Diablo Blvd Ste 250, Lafayette"
Mark Company Inc The,1,2,,531390,Alan Mark Company,"2525 Leavenworth St, San Francisco, 94133","234 1st St, San Francisco"
Marsten Associates,1,2,Nob Hill,531110,Marsten Associates,"101 Wolfe Grade, Kentfield, 94904","901 California St, San Francisco"
Mason Street Housing Assoc Lp,1,2,,531110,Mason Street Housing Assoc Lp,"149 Mason St Ofc Apt, San Francisco, 94102","149 Mason St, San Francisco"
Mason Street Housing LLC,1,2,,531110,149 Mason Street,"333 Taylor St, San Francisco, 94102","149 Mason St, San Francisco"
Masonic Properties LLC,1,2,,531390,Masonic Properties LLC,"60 Dorman Ave Ave, San Francisco, 94124","60 Dorman Ave, San Francisco"
Mattei Properties Ltd,1,2,,531210,Mattei Properties Ltd,"Po Box 330517, San Francisco, 94133","1717 Powell St Ste 250, San Francisco"
"Matthews Real Estate Investment Services, Inc.",1,2,,531210,"Matthews Real Estate Investment Services, Inc.","1600 West End Ave Ste 1500, Nashville, 37203","44 Montgomery St Ste 2388, San Francisco"
Mayo Property,1,2,Noe Valley,531390,Mayo Property,"1700 Diamond St, San Francisco, 94131","1700 Diamond St, San Francisco"
Mcalpin Apartments Lp,1,2,,531110,Mcalpin Apartments LLC,"1717 Powell St Ste 300, San Francisco, 94133","423 Stockton St, San Francisco"
Mcdowell Properties,1,2,,531311,Mcdowell Companies | Mcdowell Properties,"111 Pine St Ste 1850, San Francisco, 94111","111 Pine St Ste 1850, San Francisco"
Mcevoy Properties,1,2,Nob Hill,531110,Mcevoy Properties,"1465 Pine St, San Francisco, 94109","1465 Pine St, San Francisco"
Mckeever Properties A California Gereral Partnership,1,2,,531110,906-916 Hayes St Sf Ca 94117,"P O Box 320367, San Francisco, 94132","906 916 Hayes St, San Francisco"
Mclellan Comm Real Estate Inc,1,2,,531210,"Mclellan Commercial Real Estate, Inc.","Po Box 1015, Ross, 94957","Po Box 1015, Ross"
"Meda Precita Small Properties, LLC",1,2,Mission,531110,"Meda Precita Small Properties, LLC","2301 Mission St 301 Ste, San Francisco, 94110","2301 Mission St Ste 301, San Francisco"
"Meda Small Properties, LLC",1,2,Mission,531110,"Meda Small Properties, LLC","2301 Mission St 301 Ste, San Francisco, 94110","2301 Mission St Ste 301, San Francisco"
Mercermont Management Corp.,1,2,,531311,Mercermont Management Corp.,"3450 Sacramento St # 151, San Francisco, 94118","3516 Sacramento St Ste 1, San Francisco"
"Mercy Housing California 103, Lp",1,2,,531110,"Mercy Housing California 103, Lp","1256 Market St, San Francisco, 94102","1256 Market St, San Francisco"
Mercy Housing California 111 Lp,1,2,,531311,Mercy Housing California 111 Lp,"1256 Market St, San Francisco, 94102","1256 Market St, San Francisco"
Mercy Housing Calwest,1,2,,531110,1064 Mission Homeless Services Center LLC | Mercy Housing California 111 Lp | Transbay 2 Family Commerical LLC,"1256 Market St, San Francisco, 94102","1256 Market St, San Francisco"
Meridian Mgnt Grp Properties,1,2,Nob Hill,531110,Meridian Mgnt Grp Properties,"1145 Bush St, San Francisco, 94109","1145 Bush St, San Francisco"
Merlone Geier Management LLC,1,2,,531312,M & H Property Management LLC,"425 California St Fl 10, San Francisco, 94104","425 California St #11fl, San Francisco"
"Meyer & Meyer Properties, LLC",1,2,,531110,"Meyer & Meyer Properties, LLC","3450 3rd St Ste 1a, San Francisco, 94124","3450 3rd St Ste 1a, San Francisco"
Mhz Properties LLC,1,2,,53,Mhz Properties LLC,"216 Maple St, Susanville, 96130","2754 Pierce St, San Francisco"
Michael Simmons Property Dev.,1,2,,531390,Michael Simmons Property Dev.,"2370 Market St # 458, San Francisco, 94114","425 Fell St, San Francisco"
Midpen Housing Corporation,1,2,,531110,Midpen Housing Corporation,"303 Vintage Park Dr Ste 250, Foster City, 94404","303 Vintage Park Dr Ste 250, Foster City"
Midpen Property Management Corporation,1,2,,531110,Midpen Property Management Corporation,"303 Vintage Park Dr Ste 250, Foster City, 94404","303 Vintage Park Dr Ste 250, Foster City"
Millennium Partners LLC,1,2,,53,Millennium Partners LLC,"1995 Broadway, New York, 10023","1995 Broadway, New York"
Millennium Ptn Ca Pro Mgmt LLC,1,2,,53,Millennium Ptn Ca Pro Mgmt LLC,"1995 Broadway Fl 3, New York, 10023","735 Market St Fl 3, San Francisco"
Miller & Hinkle Property Management,1,2,,53,Miller & Hinkle Property Managent,"2007 W Hedding St Ste 216, San Jose, 95128","2007 W Hedding St Ste 216, San Jose"
Mission Bart Apartments LLC,1,2,Mission,531110,Mission Bart Apartments LLC,"533 Airport Blvd Ste 225, Burlingame, 94010","2834 Mission St, San Francisco"
Mission Plaza Apartments Lp,1,2,Mission,531110,Mission Plaza Apartments | Mission Plaza Apartments - Commercial | Mission Plaza Garage,"601 Van Ness Ave Ste 2000, San Francisco, 94102","2027 Mission St, San Francisco"
Mission Properties Inc,1,2,Mission,531110,Mission Properties Inc,"1911 Mission St, San Francisco, 94103","1911 Mission St, San Francisco"
"Mission Rock Residential California, Inc.",1,2,,531311,N/A,"1355 S Colorado Blvd Ste C-710, Denver, 80222","1355 S Colorado Blvd Ste C710, Denver"
Mitch Cohen Dba Cohen Properties,1,2,Haight Ashbury,531110,Mitch Cohen Dba Cohen Properties,"2443 Fillmore St 380-4277, San Francisco, 94115","1359 Waller St, San Francisco"
Mjm Associates LLC,1,2,,531311,Mjm Associates LLC,"Po Box 475883, San Francisco, 94147","2710 Webster St, San Francisco"
Mmh Properties LLC,1,2,,531110,Mmh Properties LLC,"58 Winfield St, San Francisco, 94110","58 Winfield St, San Francisco"
Mnsf Green Property LLC,1,2,,531110,2319 Green St,"220 Jackson St Ste 300, San Francisco, 94111","2319 Green St, San Francisco"
Mnsf Laguna Property LLC,1,2,,531110,Mnsf Laguna Property LLC,"220 Jackson St Ste 300, San Francisco, 94111","1929 Laguna St, San Francisco"
"Modern Real Estate Group, Inc.",1,2,,531210,"Modern Real Estate Group, Inc.","63 Ronada Ave, Piedmont, 94611","2282 Market St, San Francisco"
Monogram Residential Argenta Reit LLC,1,2,,531110,Argenta,"1 Polk St, San Francisco, 94102","1 Polk St, San Francisco"
"Moulds 500 Forbes Associates, LLC",1,2,,531312,"Moulds 500 Forbes Associates, LLC","2600 El Camino Real Ste 410, Palo Alto, 94306","1930 Market St, San Francisco"
"Mountain Lake Apartments, LLC",1,2,Inner Richmond,531110,"Mountain Lake Apartments, LLC","0000 Undeliverable Mail, San Francisco, 99999","10 10th Ave, San Francisco"
"Mp Francis Scott Key 2 Associates, L.P.",1,2,,531110,"Mp Francis Scott Key 2 Associates, L.P. | Shirley Chisholm Village Lihtc","303 Vintage Park Dr Ste 250, Foster City, 94404","1360 43rd Ave, San Francisco"
"Mp Golden Gate Avenue Associates, L.P.",1,2,,531110,"Mp Golden Gate Avenue Associates, L.P.","303 Vintage Park Dr Ste 250, Foster City, 94404","303 Vintage Park Dr Ste 250, Foster City"
Mp Turk Street Associates Lp,1,2,,531110,Turk Street,"303 Vintage Park Dr Ste 250, Foster City, 94404","850 Turk St, San Francisco"
"Mpire Luxe Real Estate, LLC",1,2,,531210,"Mpire Luxe Real Estate, LLC","4507 Spyglass Dr, Stockton, 95219","4507 Spyglass Dr, Stockton"
Murphy O'brien Real Estate Investment Inc,1,2,Noe Valley,531210,Murphy O'brien Real Estate | Sf City Properties,"4153 24th St, San Francisco, 94114","4153 24th St, San Francisco"
Murphy's Replacement Property Company LLC,1,2,,531110,4524-4526 3rd Street,"4153 24th St, San Francisco, 94114","4526 3rd St, San Francisco"
Murray Properties L.P.,1,2,,53,Murray Properties L.P.,"617 Brighton Rd, Pacifica, 94044","105 Richland Ave, San Francisco"
Namiki Apartments Limited,1,2,,531110,Namiki Apartments,"615 Grant Ave, San Francisco, 94108","1776 Sutter St, San Francisco"
National Office Partners LLC,1,2,,53,Nop 560 Mission LLC,"515 S Flower St Fl 32, Los Angeles, 90071","560 Mission St Ste 100, San Francisco"
Naughton Realty Inc,1,2,,531210,Shamrock Realty,"630 Taraval St, San Francisco, 94116","630 Taraval St, San Francisco"
Necco Apartments LLC,1,2,,531110,Necco Apartments LLC,"3475 California St, San Francisco, 94118","1930 Taraval St, San Francisco"
Neighbor's Property Management,1,2,,531311,Neighbor's Property Management,"510 Divisadero St Apt, San Francisco, 94117","510 Divisadero St, San Francisco"
Neill Bassi Properties Inc,1,2,,531210,Neill Bassi Properties Inc,"45 Almaden Ct, San Francisco, 94118","45 Almaden Ct, San Francisco"
New Age Realty & Mortgage Inc,1,2,,53,New Age Realty & Mortgage Inc,"1990 Noriega St, San Francisco, 94122","1990 Noriega St, San Francisco"
New Century Management Ktc LLC,1,2,,531110,New Century Management Ktc LLC,"Po Box 210279, San Francisco, 94121","556 Larkin E St Apt 23, San Francisco"
Nichelson Heritage Group LLC,1,2,,531110,"Nicholson Heritage Group, LLC","Po Box 885373, San Francisco, 94188","1445 Eddy St, San Francisco"
Nob Hill Place Apartments,1,2,Nob Hill,531110,Nob Hill Place Apartments,"899 Pine St Office, San Francisco, 94108","1155 Jones St, San Francisco"
Noble Fir Partners LLC,1,2,,531390,Nfp Property Management,"2310 22nd Ave, San Francisco, 94116","2310 22nd Ave, San Francisco"
Noe St Properties,1,2,,531110,Noe Street Properties,"Po Box 460688, San Francisco, 94146","695 Noe St, San Francisco"
North Beach Rentals LLC,1,2,,531110,North Beach Rentals LLC,"2341 Clement St, San Francisco, 94121","75 Fresno St, San Francisco"
North Beach Retail Associates,1,2,,531312,North Beach Retail Associates,"1388 Sutter St Fl 11, San Francisco, 94109","455 Bay St, San Francisco"
Northbridge Partners LLC,1,2,,531390,Northbridge Partners LLC,"401 Edgewater Pl Ste 430, Wakefield, 01880","401 Edgewater Pl Ste 265, Wakefield"
Northern Properties Inc,1,2,,531390,Northern Properties Inc,"155 Sansome St Ste 850, San Francisco, 94104","155 Sansome St Ste 850, San Francisco"
Northside Apartments Inc,1,2,,531110,Northside Apartments,"1808 Vallejo St 6 Apt, San Francisco, 94123","1808 Vallejo St Apt 6, San Francisco"
Norwich Group LLC,1,2,,531110,Norwich Group LLC,"77 Van Ness Ave Apt 302, San Francisco, 94102","77 Van Ness Ave Apt 302, San Francisco"
Ntg Sacramento Properties LLC,1,2,,53,Ntg Sacramento Properties LLC,"1279 Fitzgerald Ave, San Francisco, 94124","1279 Fitzgerald Ave, San Francisco"
O & O Property Management LLC,1,2,,531312,O & O Property Management LLC,"3225 Octavia St Apt 4, San Francisco, 94123","3225 Octavia St Apt 4, San Francisco"
"O'farrell Senior Housing, Inc.",1,2,,531110,None,"201 Eddy St, San Francisco, 94102","201 Eddy St, San Francisco"
O'farrell Street Properties Ll,1,2,,531110,O'farrell Street Properties Ll,"260 22nd Ave, San Francisco, 94121","725 Ofarrell St, San Francisco"
"O'farrell Towers Associates, L.P.",1,2,,531110,O'farrell Towers,"201 Eddy St, San Francisco, 94102","477 O'farrell St, San Francisco"
O'shea Property,1,2,Inner Richmond,531110,3750 Geary Blvd,"3450 Sacramento St Ste 215, San Francisco, 94118","3750 Geary Blvd, San Francisco"
Oasis Investment Group,1,2,,531210,Oasis Investment Group,"100 Pine St 1250 Ste, San Francisco, 94111","100 Pine St 1250, San Francisco"
Ocean Beach Apts Lp,1,2,Outer Richmond,531110,Ocean Beach Terraces,"1990 N California Blvd Fl 8th, Walnut Creek, 94596","740 La Playa St, San Francisco"
Ocean Investment Company,1,2,,531110,Ocean Investment Company,"380 West Portal Ave F Ste, San Francisco, 94127","Ocean Ave Ste, San Francisco"
Octavia Partners LLC,1,2,,531110,Octavia Partners LLC,"0000 Undeliverable Mail, San Francisco, 99999","188 Octavia St, San Francisco"
Omid Partners,1,2,,531110,Omid Partners,"288 Randall St, San Francisco, 94131","288 Randall St, San Francisco"
Omni Properties Inc,1,2,,531110,Marbella Properties | Omni Real Estate,"702 Las Trampas Rd, Lafayette, 94549","2971 California St #1, San Francisco"
One Charleton Court Associates LLC,1,2,,531110,One Charleton Court Associates LLC,"101 Montgomery St Ste 888, San Francisco, 94104","101 Montgomery St Ste 888, San Francisco"
"One Powell Partners, Lp",1,2,,531110,"One Powell Partners, Lp","3889 Maple Ave Ste 220, Dallas, 75219","3889 Maple Ave Ste 125, Dallas"
Orion Team Partners Inc,1,2,,531210,Orion Team Partners Inc,"895 46th Ave, San Francisco, 94121","466 Brannan St, San Francisco"
Osa Associates II LLC,1,2,,531110,149 Dore St Bldg,"0000 Undeliverable Mail, San Francisco, 99999","149 Dore St, San Francisco"
Osa Associates IIi LLC,1,2,,531110,Osa Associates IIi LLC,"608 Portola Dr, San Francisco, 94127","1122 Tennessee St #28, San Francisco"
Osa Associates IV LLC,1,2,,531110,Osa Associates IV LLC,"0000 Undeliverable Mail, San Francisco, 99999","2277 Van Ness Ave, San Francisco"
Otrera Real Estate LLC,1,2,Nob Hill,531110,Otrera Real Estate LLC,"3475 California St, San Francisco, 94118","1330 Jones St, San Francisco"
Oxam Property Management LLC,1,2,,53,Oxam Property Management LLC,"1555 Mason St Unit D1, San Francisco, 94133","1553 -155 Mason St #, San Francisco"
O’brien’s Replacement Property Company LLC,1,2,,531110,4526 03rd St,"4153 24th St, San Francisco, 94114","4526 03 St, San Francisco"
P La Properties LLC,1,2,Outer Richmond,53,P La Properties,"2901 Clement St, San Francisco, 94121","2901 Clement St, San Francisco"
Pacific Admin & Mgmt Svcs LLC,1,2,,531110,Pacific Admin & Mgmt Svcs LLC,"1201 Fulton St # 2suite, San Francisco, 94117","1201 Fulton St, San Francisco"
Pacific Heights Realty Group,1,2,,531110,Pacific Heights Realty Group LLC,"2309 Noriega St Ste 8, San Francisco, 94122","2437 Fillmore St Apt, San Francisco"
Pacific Partners,1,2,,531110,2060 Pacific Apts,"1808 Wedemeyer St Ste B50, San Francisco, 94129","2060 Pacific Ave, San Francisco"
Pacific Polk Properties LLC,1,2,,531110,Pacific Polk Properties LLC,"1601 Larkin St 100 Unit, San Francisco, 94109","2324 Pacific Ave, San Francisco"
Pacific Sales & Managment,1,2,,53,Pacific Sales & Managment,"425 7th St Ste A, Oakland, 94607","425 7th St Ste A, Oakland"
Page Steiner Associates LLC,1,2,,531311,Page Steiner Associates,"431 Steiner St, San Francisco, 94117","690 Page St, San Francisco"
Page Terra Properties,1,2,Haight Ashbury,531110,Page Terra Properties,"5758 Geary Blvd 423, San Francisco, 94121","1003 Page St., San Francisco"
Palace Court Apartments LLC,1,2,,531110,Palace Court Apartments LLC,"1201 Fulton St, San Francisco, 94117","555 Ofarrell St, San Francisco"
"Palm Lane Partners, LLC.",1,2,Noe Valley,531110,"Palm Lane Partners, LLC","3819 Palo Alto Dr, Lafayette, 94549","1138 Church St, San Francisco"
Panhandle Oak Apartments Lp,1,2,Haight Ashbury,531110,Panhandle Oak Apartments Lp,"1717 Powell St Ste 300, San Francisco, 94133","1839 Oak St, San Francisco"
Panorama Properties Sfba Inc,1,2,,531210,Panorama Properties Sfba Inc,"47 Panorama Dr, San Francisco, 94131","47 Panorama Dr, San Francisco"
"Park View Partners, LLC",1,2,,531110,"Park View Partners, LLC","6 Round Hill Ter, Tiburon, 94920","6 Round Hill Ter, Tiburon"
Parklyn Bay Company LLC,1,2,,531110,1800 Pacific Apts,"2001 Union St Ste 300, San Francisco, 94123","1800 Pacific Ave, San Francisco"
"Parkway Four Properties, LLC",1,2,,531110,"Parkway Four Properties, LLC","1392 Van Dyke Ave, San Francisco, 94124","1345 Underwood Ave, San Francisco"
"Parkway Properties, Inc., Dba Kg Investment Properties",1,2,,531311,"Parkway Properties, Inc.","411 Borel Ave Ste 230, San Mateo, 94402","411 Borel Ave Ste 230, San Mateo"
Pathway Realty,1,2,,531210,Pathway Realty,"945 Taraval St Pmb 232, San Francisco, 94116","945 Taraval St Pmb 232, San Francisco"
Patson Development Company,1,2,,531390,Patson Development Company,"548 Market St # 38544, San Francisco, 94104","548 Market St, San Francisco"
Pdl & Rd Properties LLC,1,2,,531110,Pdl & Rd Properties LLC,"4111 18th St Ste 3, San Francisco, 94114","4111 18th St Ste 3, San Francisco"
Peak Realty Group Inc,1,2,,531311,Peak Realty Group Inc,"499 Marina Blvd Apt A, San Francisco, 94123","499 Marina Blvd Apt A, San Francisco"
Peninsula Partners 17th St,1,2,,531110,Peninsula Partners 17th St LLC,"25 Buckingham Ct, Hillsborough, 94010","4170 17th St, San Francisco"
Peter Sullivan Associates Inc,1,2,,531210,Peter Sullivan Associates Inc,"155 Montgomery St Ste 1600, San Francisco, 94104","155 Montgomery St Ste 1600, San Francisco"
Phk Property,1,2,,53,Phk Property,"290 Moffitt St, San Francisco, 94131","290 Moffitt St, San Francisco"
Pierce & Union Street Partners LLC,1,2,,531110,Pierce & Union Street Partners LLC,"2354 Pine St, San Francisco, 94115","2845 Pierce St, San Francisco"
Pillar Capital Group,1,2,Nob Hill,531390,Pillar Capital Group,"1725 Clay St Ste 102, San Francisco, 94109","1725 Clay St Ste 102, San Francisco"
Pillar Capital Real Estate,1,2,Nob Hill,531311,Pillar Capital Real Estate,"1725 Clay St Ste 102, San Francisco, 94109","1725 Clay St Ste 102, San Francisco"
Pine Properties LLC,1,2,,531110,Pine Properties LLC,"1201 Fulton St, San Francisco, 94117","1739 Pine St, San Francisco"
Pine Street Terrace Apts Lp,1,2,Nob Hill,531110,Pine Street Terrace Apts Lp,"1717 Powell St Ste 300, San Francisco, 94133","1035 Pine St, San Francisco"
Pinnacle Loop Group LLC,1,2,,531210,Pinnacle Properties,"1032 Irving St #606, San Francisco, 94122","1032 Irving St Unit 606, San Francisco"
Piping Rock Partners Inc,1,2,,531110,Piping Rock Partners Inc,"548 Market St Dept 45879, San Francisco, 94104","3575 Fillmore St Apt 206, San Francisco"
Pirl Properties LLC,1,2,,531110,Pirl Properties,"1540 Newhall St, San Francisco, 94124","1540 Newhall St, San Francisco"
Pkl Investment Mgmt LLC,1,2,,531210,Pkl Investment Management LLC | Pkl Investment Mgmt LLC,"2927 Larkin St, San Francisco, 94109","2927 Larkin St, San Francisco"
Plaza Apartments Associates Lp,1,2,,531110,Plaza Apartments Associates Lp,"201 Eddy St, San Francisco, 94102","201 Eddy St, San Francisco"
"Plaza East Associates, L.P.",1,2,,531311,"Plaza East Associates, L.P.","1300 Buchanan St, San Francisco, 94115","720 Olive St, Saint Louis"
Poet & Wolf Properties LLC,1,2,,531110,Poet & Wolf Properties,"229 Observation Ct Unit 7456, Tahoe City, 96145","2041 Pierce St Apt 1, San Francisco"
Polatnick Properties Inc,1,2,,531390,Polatnick Properties Inc,"660 3rd St Ste 150, San Francisco, 94107","660 03rd St 150, San Francisco"
"Polk Senior Housing Associates, L.P.",1,2,,531110,"Polk Senior Housing Associates, L.P.","201 Eddy St, San Francisco, 94102","201 Eddy St, San Francisco"
Poly (Usa) Real Estate Development Corporation,1,2,,53,"B1 Treasure Island 048 Holdings, LLC | C23 Treasure Island 048 Holdings, LLC | Hope 048 Holdings, LLC","453 S Spring St Ste 400, Los Angeles, 90013","453 S Spring St Ste 400, Los Angeles"
Pontar R E Mgmt Corp Inc,1,2,,531110,Pontar Real Estate,"12 Geary St Ste 506, San Francisco, 94108","12 Geary St Rm 506, San Francisco"
Postmark Partners Lp,1,2,,531110,Postmark Partners Lp,"1717 Powell St Ste 300, San Francisco, 94133","1717 Powell St, San Francisco"
"Potrero Housing Associates II, L.P.",1,2,,531110,"Potrero Housing Associates II, L.P.","350 California St Fl 16, San Francisco, 94104","600 California St Ste 900, San Francisco"
Powerscourt Properties,1,2,,531110,Powerscourt Properties,"4444 Geary Blvd Ste 100, San Francisco, 94118","1245 10th Ave, San Francisco"
Prego Properties LLC,1,2,,531311,Prego Properties LLC,"1212a Union St, San Francisco, 94109","1212 A Union St, San Francisco"
Presidio Apartments Associate,1,2,,531110,700 Presidio Apts,"5840 Geary Blvd, San Francisco, 94121","700 Presidio Ave, San Francisco"
Presidio Washington Apts Lp,1,2,,531110,Presidio Washington Apts Lp,"1717 Powell St Ste 300, San Francisco, 94133","3299 Washington St, San Francisco"
Preston Properties LLC,1,2,,531110,Preston Properties LLC,"6 Round Hill Ter, Tiburon, 94920","2255 N Point St, San Francisco"
Prime Metropolis Properties Inc,1,2,,531110,"Prime Metropolis Properties, Inc.","8638 138th Pl Se, Newcastle, 98059","950 Taraval Street, San Francisco"
"Prime Potrero Housing Partners, Lp",1,2,,531110,Brick + Iron East 3rd St | Brick + Iron West Illinois St,"600 Montgomery St Ste 1700, San Francisco, 94111","2235 3rd St, San Francisco"
Prime Realty & Investment Inc,1,2,,531311,Prime Realty & Investment Inc,"1600 Lombard St, San Francisco, 94123","1600 Lombard St, San Francisco"
Prime Residential Advisor LLC,1,2,,531390,Prime Residential Advisor LLC,"600 Montgomery St Ste 1700, San Francisco, 94111","50 California St Ste 2525, San Francisco"
Primecity Properties Co,1,2,,53,Primecity Properties Co,"2349 27th Ave Apt 4, San Francisco, 94116","2349 27th Ave Apt 4, San Francisco"
Priya Agrawal Group LLC,1,2,,531210,Priya Agrawal Group LLC,"1269 5th Ave, San Francisco, 94122","1269 5th Ave, San Francisco"
Professional Syngergy Group,1,2,Haight Ashbury,531110,811 Page St Apts,"Po Box 640134, San Francisco, 94164","811 Page St, San Francisco"
Progress Apartments Inc,1,2,Mission,531110,Progress Apartments Inc,"368 Fell St, San Francisco, 94102","1272 S Van Ness Ave, San Francisco"
"Property Management Professionals, LLC",1,2,,531311,Property Management Professionals LLC,"100 Pacifica Ste 210, Irvine, 92618","505 Montgomery St Ofc 1131, San Francisco"
"Prospecthill Group, LLC",1,2,,531390,"Prospecthill Group, LLC","235 Montgomery St Ste 1130, San Francisco, 94104","235 Montgomery St 1130, San Francisco"
Providence Senior Housing Corporation,1,2,,531110,Providence Senior Housing Corporation,"1855 Olympic Blvd Ste 200, Walnut Creek, 94596","4699 3rd St, San Francisco"
Prudence Investment & Assets Mgmt Co Inc,1,2,Nob Hill,531110,1380 Washington St,"63 Bovet Rd 143 Pmb, San Mateo, 94402","1380 Washington St, San Francisco"
"Py Bryant Street Housing, Lp",1,2,Mission,531110,"Py Bryant Street Housing, Lp","2301 Mission St Ste 301, San Francisco, 94110","2301 Mission St Ste 301, San Francisco"
Q3 Property LLC,1,2,Noe Valley,531110,Q3 Property LLC,"1651 Church St, San Francisco, 94131","1651 Church St, San Francisco"
R&M Realty Investments LLC,1,2,,531110,R&M Realty Investments LLC,"430 Bay Shore Blvd, San Francisco, 94124","2515 Taraval St, San Francisco"
Ralston Management Group LLC,1,2,,531110,Ralston Management Group,"1050 Ralston Ave Ste 0, Belmont, 94002","2215 Market St #R, San Francisco"
Rauls Investment Group LLC,1,2,,531110,Rauls Investment Group LLC,"1731 Wooden St, Davenport, 33837","25 Junipero Serra Blvd, San Francisco"
Ravetti Properties LLC,1,2,,531110,Ravetti Properties LLC,"Po Box 885373, San Francisco, 94188","93 Stillman St #99, San Francisco"
"Rdh Properties, LLC",1,2,,531110,"Rdh Properties, LLC","222 Parnassus Ave D Apt, San Francisco, 94117","1880 Fell St, San Francisco"
Real Equit Group One LLC,1,2,,531110,3659-3663 18th Street,"117 Riviera Cir, Larkspur, 94939","45 Walnut Ave, Mill Valley"
Real Equity Group One LLC,1,2,Mission,531110,17th,"70 Ridgecrest Rd, Kentfield, 94904","3574 17th St, San Francisco"
Real Estate,1,2,,531110,110 Gough Street Office Buiding,"13560 Terrace Dr, Sonora, 95370","536 Judah St, San Francisco"
Real Property Ai Corp,1,2,,531311,Alder,"600 De Haro St, San Francisco, 94107","600 De Haro St, San Francisco"
"Real Sf Properties, LLC",1,2,,531210,Real Sf Properties,"63 Ronada Ave, Oakland, 94611","2051 Market St, San Francisco"
Red Hat Real Estate,1,2,,531210,Red Hat Real Estate,"1330 Plymouth Ave, San Francisco, 94112","1330 Plymouth Ave, San Francisco"
"Red Panda Real Estate, LLC",1,2,,531110,753 Minna Street | 757 Minna Street,"95 El Bonito Way, Millbrae, 94030","95 El Bonito Way, Millbrae"
Reena Real Estate Inc,1,2,Outer Richmond,531210,Reena Real Estate Inc,"655 45th Ave, San Francisco, 94121","655 45th Ave, San Francisco"
Related Ca Residential Sales Inc,1,2,,531210,Related Ca Residential Sales Inc,"18201 Von Karman Ave 900 Ste, Irvine, 92612","44 Montgomery St Ste 1300, San Francisco"
Reliance Real Estate Advisors,1,2,,531210,Reliance Real Estate Advisors,"1701 El Nido Unit 686, Diablo, 94528","1701 El Nido Unit 686, Diablo"
Reliant Group Management LLC,1,2,,531390,"Reliant Group Management, LLC","601 California St Ste 1150, San Francisco, 94108","601 California St Ste 1150, San Francisco"
Rentals In SF,1,2,,531390,Rentals In SF,"1318 Hayes St, San Francisco, 94117","1318 Hayes St, San Francisco"
Resource Commercial Real Estate Inc.,1,2,,531210,Resource Commercial Real Estate Inc.,"2261 Market St Unit 126, San Francisco, 94114","575 Market St Ste 400, San Francisco"
Revel Real Estate LLC,1,2,Mission,531210,Revel Real Estate LLC,"273 S 5th St Ste 301, Brooklyn, 11211","199 Erie St, San Francisco"
"Revere Housing Asset Management, Inc.",1,2,,531110,"Revere Housing Asset Management, Inc.","37 Graham St Ste 200, San Francisco, 94129","37 Graham St Ste 200, San Francisco"
"Revere Housing, LLC",1,2,,531110,"Revere Housing, LLC","37 Graham St Ste 200, San Francisco, 94129","37 Graham St Ste 200, San Francisco"
Richmond Apartments Lp,1,2,Inner Richmond,531110,Richmond Partners Lp,"1717 Powell St Ste 300, San Francisco, 94133","262 12th Avenue, San Francisco"
Rimma Realty,1,2,,531210,Rimma Realty | Rimma Realty Team,"0000 Undeliverable Mail, San Francisco, 99999","75 Broadway Ste 202, San Francisco"
River Oaks Apts Inv Group LLC,1,2,,531110,The Jeanette,"4 Thornton Ct, Novato, 94945","536 Leavenworth St, San Francisco"
Rizzo Properties Lp,1,2,Mission,531110,842 Guerrero St,"0000 Undeliverable Mail, San Francisco, 99999","842 Guerrero St, San Francisco"
Rma Properties #1 LLC,1,2,,531110,Rma Properties #1 LLC,"1840 Century Park E Fl 17, Los Angeles, 90067","2201 Pacific Ave, San Francisco"
Rmr Management LLC,1,2,,531110,Rmr Management LLC,"183 Bridgeview Dr, San Francisco, 94124","183 Bridgeview Dr, San Francisco"
Robax Group Inc The,1,2,,53,The Robax Group Inc,"120 San Leandro Way, San Francisco, 94127","120 San Leandro Way, San Francisco"
"Robert Pitts Housing Partners, Lp",1,2,,531110,"Robert Pitts Housing Partners, Lp","18201 Von Karman Ave Ste 900, Irvine, 92612","333 Pine St 300, San Francisco"
Rode Properties LLC,1,2,,531110,Rode Properties LLC,"305 Mcknight Park Dr, Pittsburgh, 15237","2122 Filbert St, San Francisco"
Rona Real Estate LLC,1,2,,53,Rona Real Estate LLC,"170 Columbus Ave Ste 115, San Francisco, 94133","170 Columbus Ave, San Francisco"
"Rose Community Development Company, LLC",1,2,,531110,"Rose Community Development Company, LLC","551 5th Ave # 23, New York, 10176","551 5th Ave Fl 23, New York"
"Rpm Management Group, LLC",1,2,Inner Richmond,531312,"Rpm Management Group, LLC","402 8th Ave Ste 207, San Francisco, 94118","402 8th Ave Ste 207, San Francisco"
"Rubicon Point Partners, LLC",1,2,,531312,Rubicon Point Partners,"101 Mission St Ste 1050, San Francisco, 94105","101 Mission St Ste 1050, San Francisco"
Russian Hill Apartments Lp,1,2,,531110,Russian Hill Apartments Lp,"1717 Powell St Ste 300, San Francisco, 94133","2165 Larkin St, San Francisco"
"Rwr Associates, LLC",1,2,,53,"Rwr Associates, LLC","27 Maide Ln 250 Ste, San Francisco, 94108","27 Maide Ln Ste 250, San Francisco"
"Rww Properties, LLC",1,2,,531110,"1019 Ashbury Street, San Francisco, Ca 94123","360 Grand Ave 340 Unit, Oakland, 94610","6114 La Salle Ave Unit 535, Oakland"
Ryebread Properties Inc,1,2,,531110,Ryebread Properties Inc,"1233 19th St, San Francisco, 94107","1233 19th St, San Francisco"
S & L Realty LLC,1,2,,531390,S & L Realty LLC,"3140 Geary Blvd, San Francisco, 94118","3140 Geary Blvd, San Francisco"
S F Geary Properties LLC,1,2,Outer Richmond,53,5427 Geary Blvd Bldg,"5429b Geary Blvd, San Francisco, 94121","5427 Geary Blvd, San Francisco"
S F Property Management Co,1,2,,531311,2065 Ellis St Apartments,"Po Box 4165, San Rafael, 94913","2065 Ellis St, San Francisco"
"S Street Partners, LLC",1,2,,531110,1640 Goldenn Gate,"2853 Sacramento St, San Francisco, 94115","2853 Sacramento St, San Francisco"
"S&L Real Estate, Inc",1,2,,531390,S&L Real Estate Inc,"3140 Geary Blvd, San Francisco, 94118","3140 Geary St, San Francisco"
"Sabel Properties,LLC.",1,2,,531110,Betty Apartments,"2023 28th Ave, San Francisco, 94116","430 Hyde St, San Francisco"
Sacramento Street Apartments LLC,1,2,,53,Sacramento Street Apartments LLC,"1616 16th St 200 Ste, San Francisco, 94103","1616 16th St Rm 200, San Francisco"
Sacramento-Hyde Associates,1,2,Nob Hill,531110,1490 Sacramento Apts,"3475 California St, San Francisco, 94118","1490 Sacramento St, San Francisco"
"Samantha Lee Seto Management, LLC",1,2,,531390,"Samantha Lee Seto Management, LLC","635 Vallejo St, San Francisco, 94133","635 Vallejo St, San Francisco"
San Francisco Barbara Apts Lp,1,2,,531110,San Francisco Barbara Apts Lp,"1717 Powell St Ste 300, San Francisco, 94133","580 Mcallister St, San Francisco"
San Francisco Community Housing Partners LLC,1,2,,53,San Francisco Community Housing Partners LLC,"6 Po Box, Brisbane, 94005","6 Po Box, Brisbane"
San Francisco Granada Apts Lp,1,2,Haight Ashbury,531110,San Francisco Granada Apts Lp,"1717 Powell St Ste 300, San Francisco, 94133","130 Frederick St, San Francisco"
San Francisco Life Real Estate Inc,1,2,,531210,San Francisco Life,"Po Box 398, Burns, 97720","750 Van Ness Ave Unit 130, San Francisco"
Schmidt Properties LLC,1,2,,531110,Schmidt Properties LLC,"6 Round Hill Ter, Tiburon, 94920","1580 Filbert St, San Francisco"
Schmidt Road Management,1,2,,53,Schmidt Road Management,"1927 22nd Ave, San Francisco, 94116","1927 22nd Ave, San Francisco"
Sequoia Commercial Group,1,2,Outer Richmond,531210,Sequoia Commercial Group,"3595 Balboa St, San Francisco, 94121","3595 Balboa St, San Francisco"
"Sequoia Real Estate - City Properties, Inc.",1,2,Outer Richmond,531210,Dreim | Keyopp Real Estate | Luxe Living Realty,"3595 Balboa St, San Francisco, 94121","3595 Balboa St, San Francisco"
Sequoia Real Estate Inc,1,2,Outer Richmond,531210,Sequoia Real Estate Inc,"3595 Balboa St, San Francisco, 94121","3595 Balboa St, San Francisco"
Sereno Group Inc,1,2,,531210,Christie's International Real Estate Sereno Group Inc.,"214 Los Gatos Saratoga Rd, Los Gatos, 95030","2042 Union St, San Francisco"
Sf Affordable Housing LLC,1,2,,531110,Sf Affordable Housing LLC,"3 Stark Aly, San Francisco, 94133","3 Stark St, San Francisco"
Sf Board Of Realtors,1,2,,531390,Sn Francisco Asscn Of Realtors,"301 Grove St, San Francisco, 94102","301 Grove St, San Francisco"
Sf Geary Properties LLC,1,2,Outer Richmond,53,335 24th Ave - Apartment Bldg,"5429b Geary Blvd, San Francisco, 94121","335 24th Ave, San Francisco"
Sf Housing Services LLC,1,2,,531110,Sf Housing Services,"1082 Folsom St, San Francisco, 94103","2149 Powell St, San Francisco"
Sf Prime Properties Inc,1,2,,531390,Prime Properties,"Po Box 591484, San Francisco, 94159","127 Stanyan St, San Francisco"
Sf Property Mgmt Co Inc,1,2,,531110,Sf Property Mgmt Co,"Po Box 4165, San Rafael, 94913","155 Jefferson St Ste 4, San Francisco"
Sf Real Properties LLC,1,2,Haight Ashbury,531110,Sf Real Properties LLC,"1010 B St Ste 323, San Rafael, 94901","1130 Page St #32, San Francisco"
"Sfbk Property, LLC",1,2,,53,"Sfbk Property, LLC","Po Box 1818, Monrovia, 91017","2700 Geary Blvd, San Francisco"
Sfclay Properties LLC,1,2,,531110,Sfclay Properties LLC,"3758 Grand Ave # 5, Oakland, 94610","3110 Clay St, San Francisco"
Sflp Management Inc,1,2,,531110,Sflp Management Inc,"1145 Market St # 1200, San Francisco, 94103","1145 Market St #1200, San Francisco"
"Sierra Madre Associates, Lp",1,2,,531110,"Sierra Madre Associates, Lp","201 Eddy St Bldg, San Francisco, 94102","421 Leavenworth St Bldg, San Francisco"
Skybox Realty Inc,1,2,,531210,Skybox Realty Inc,"333 1st St Ste C, San Francisco, 94105","333 1st St Ste C, San Francisco"
Smith-Brennan Properties LLC,1,2,Nob Hill,531110,Smith-Brennan Properties LLC,"Po Box 641343, San Francisco, 94164","1630 California St, San Francisco"
So Hudson 555 Management Inc,1,2,,53,So Hudson 555 Management Inc,"555 California St Ste 525, San Francisco, 94104","555 California St, San Francisco"
Sohn Associates Inc,1,2,,53,1933 Post Bldg,"39 San Anselmo Ave, San Francisco, 94127","1933 Post St, San Francisco"
Soleil Properties LLC,1,2,,531110,Soleil Properties LLC,"Po Box 31792, San Francisco, 94131","1691-1697 Mcallister/720-730 Broderick, San Francisco"
Sonrise Properties Inc,1,2,,531210,Sonrise Properties Inc,"2434 21st Ave, San Francisco, 94116","2434 21st Ave, San Francisco"
Sophia Apartments Lp,1,2,Nob Hill,531110,Sophia Apartments Lp,"1717 Powell St Ste 300, San Francisco, 94133","830 Sutter St, San Francisco"
Soto Fulton Properties LLC,1,2,,53,Soto Fulton Properties LLC,"2390 Fulton St, San Francisco, 94118","2390 Fulton St, San Francisco"
South Paw Properties LLC,1,2,,531110,South Paw Properties LLC,"6 Round Hill Ter, Tiburon, 94920","1895 Chestnut St, San Francisco"
Spi Property Management Corp.,1,2,,531390,Spi Property Management Corp.,"88 Kearny St 1400 Ste, San Francisco, 94108","88 Kearny St Ste 1818, San Francisco"
Spindler Properties LLC,1,2,,531110,Rooms With A View,"1550 Fell St, San Francisco, 94117","1550 Fell St, San Francisco"
Spyglass Property Group,1,2,,531210,Bay Property Experts,"77 Van Ness Ave # 1011829, San Francisco, 94102","77 Van Ness Ave Ste 1011, San Francisco"
Srs Real Estate Partners Nw Lp,1,2,,531210,Srs Real Estate Partners,"8144 Walnut Hill Ln Ste 1200, Dallas, 75231","100 Pine St Ste 1550, San Francisco"
Ssa Real Estate Management,1,2,,531312,Ssa Real Estate Management,"220 Montgomery St Ste 1650, San Francisco, 94104","220 Montgomery St Ste 1650, San Francisco"
St. Bernard Partners Inc.,1,2,,531110,St. Bernard Partners Inc.,"300 Beale St Apt 607, San Francisco, 94105","300 Beale St Apt 607, San Francisco"
St. Francis Properties LLC,1,2,,531110,St. Francis Properties LLC,"35 San Rafael Way, San Francisco, 94127","2426 Buchanan St, San Francisco"
Stanyan At Oak Apts Lp,1,2,Haight Ashbury,531110,Stanyan At Oak Apts Lp,"1717 Powell St Ste 300, San Francisco, 94133","600 Stanyan St, San Francisco"
Starboard Commercial Brokerage Inc/Brookwood Group Inc,1,2,,531210,Brookwood/Starboard,"49 Powell St Fl 4, San Francisco, 94102","44 Montgomery St Ste 1650, San Francisco"
Starlight Psj1 Associates LLC,1,2,Nob Hill,531110,Starlight Psj1 Assoc LLC,"303 19th Ave, San Francisco, 94121","1160 Clay St, San Francisco"
Stein Properties,1,2,Mission,53,Stein Properties,"743 Green St, San Francisco, 94133","3458 26th St, San Francisco"
Steiner Sutter St Residential,1,2,,531311,Steiner-Sutter St Residential,"Po Box 4165, San Rafael, 94913","1819 & 1823 Steiner 2110 Sutter St, San Francisco"
"Strada Investment Group IIi, LLC",1,2,,531390,"Strada Investment Group IIi, LLC","201 Spear St Ste 1650, San Francisco, 94105","201 Spear St Ste 1650, San Francisco"
"Stream Realty Partners, Lp",1,2,,53,"Stream Realty Partners, Lp","2001 Ross Ave Ste 400, Dallas, 75201","2001 Ross Ave Ste 400, Dallas"
Structure Properties Inc,1,2,,531110,"Hogan & Vest | Structure Properties, Inc | The Move Agency","3727 Buchanan St Fl 4, San Francisco, 94123","3727 Buchanan St Fl 4, San Francisco"
"Sunnydale Block 7 Housing Partners, L.P.",1,2,,531110,"Sunnydale Block 7 Housing Partners, L.P.","1256 Market St, San Francisco, 94102","1256 Market St, San Francisco"
"Sunnyside Properties IV, Lp",1,2,,531110,Vertex Fbo 455 Euclid,"2443 Fillmore St # 271, San Francisco, 94115","2443 Fillmore St 271, San Francisco"
Sunrise Home And Property Solutions,1,2,,531110,Sunrise Homes And Property Solutions LLC,"211 Genebern Way, San Francisco, 94112","211 Genebern Way, San Francisco"
Sutro Heights Residential Care LLC,1,2,Outer Richmond,53,Sutro Heights Residential Care LLC,"Po Box 1166, Alamo, 94507","659 45th Ave, San Francisco"
Sutro Property Management Inc,1,2,,53,Sutro Realty Company,"Po Box 885373, San Francisco, 94188","740 Earl St Ste D, San Francisco"
Sutter Management Services,1,2,,531110,Sutter Management Services,"3475 California St, San Francisco, 94118","2053 Sutter St, San Francisco"
Sutter Street Apartments LLC,1,2,Nob Hill,531110,Sutter Street Apartments LLC,"533 Airport Blvd Ste 225, Burlingame, 94010","1156 Sutter St, San Francisco"
Sv Housing Preservation Lp,1,2,,531110,Sv Housing Preservation Lp,"30 Hudson Yards Fl 72, New York, 10001","35 Lillian Ct, San Francisco"
Svk Rentals LLC,1,2,,531110,Svk Rentals LLC,"1811 20th Ave, San Francisco, 94122","1811 20th Ave, San Francisco"
Svq Sf Properties LLC,1,2,,53,Svq Sf Properties LLC,"405 Saint Francis Blvd, San Francisco, 94127","405 Saint Francis Blvd, San Francisco"
Swk Associates,1,2,,531110,2450 Octavia Apts,"3475 California St, San Francisco, 94118","2450 Octavia St, San Francisco"
Synergy Corporate Housing,1,2,,531110,Synergy Corporate Housing,"3000 Executive Pkwy Ste 150, San Ramon, 94583","12657 Alcosta Blvd 550, San Francisco"
"T8 Housing Partners, L.P.",1,2,,531110,"T8 Housing Partners, L.P.","201 Eddy St, San Francisco, 94102","250 Fremont St, San Francisco"
"T8 Urban Housing Associates Bmr, L.P.",1,2,,531110,"T8 Urban Housing Associates Bmr, L.P.","201 Eddy St, San Francisco, 94102","450 Folsom St, San Francisco"
Taisch Real Estate Inc,1,2,Noe Valley,531210,Taisch Real Estate Inc,"2424 Pine St, San Francisco, 94115","301 Jersey St #3, San Francisco"
Tankri Properties LLC,1,2,,531110,Tankri Properties LLC,"5655 Silver Creek Valley Rd 246 Rd, San Jose, 95138","5655 Silver Creek Valley Rd, #246 Rd, San Jose"
"Tapestry Properties, Inc.",1,2,,531110,Tapestry Properties,"769 Monterey Blvd 2 Ste, San Francisco, 94127","769 Monterey Blvd Ste 2, San Francisco"
Targa Residential Brokerage Inc,1,2,,531110,Targa Residential Brokerage Inc.,"Po Box P.O.Box 475368, San Francisco, 94102","1390 Market St Ste 200, San Francisco"
Taylor St Rentals,1,2,,531110,2701-2731 Taylor St Rentals,"220 Jackson St Fl 3, San Francisco, 94111","2701 Taylor St #2731, San Francisco"
Tcli Realty Inc,1,2,,531210,Tcli Realty Inc,"1991 20th Ave, San Francisco, 94116","1991 20th Ave, San Francisco"
Telegraph Hill Apartments LLC,1,2,,53,Telegraph Hill Apartments LLC,"466 Green St Ste 203, San Francisco, 94133","400 Union St, San Francisco"
"Temescal Creek Properties 1, LLC",1,2,Mission,531110,"Temescal Creek Properties 1, LLC","626 El Camino Real, San Carlos, 94070","1069 Capp St, San Francisco"
"Temescal Creek Properties 2, LLC",1,2,Mission,531110,"Temescal Creek Properties 2, LLC","626 El Camino Real, San Carlos, 94070","1110 S Van Ness Ave, San Francisco"
Ten Squared Properties LLC,1,2,,531110,Not Available,"1603 2nd St, Manhattan Beach, 90266","1083 Lombard St, San Francisco"
The Arc Apartments Lp,1,2,,531110,The Arc Apartments Lp,"1388 Sutter St Fl 11, San Francisco, 94109","416 Bay St, San Francisco"
The Bunny Group,1,2,,53,The Bunny Group,"2576 26th Ave, San Francisco, 94116","2576 26th Ave, San Francisco"
The Busterjosie Group,1,2,,531210,The Busterjosie Group,"1515 Golden Gate Ave, San Francisco, 94115","1515 Golden Gate Ave, San Francisco"
The Crossings Associates,1,2,,531110,77 Bluxome,"0000 Undeliverable Mail, San Francisco, 99999","77 Bluxome St, San Francisco"
The First Keil Company,1,2,,531312,The First Keil Company,"244 Kearny St, San Francisco, 94108","244 Kearny St Fl 3, San Francisco"
The Fracchia Real Estate Group,1,2,,531210,The Fracchia Real Estate Group,"62 Ulloa St, San Francisco, 94127","62 Ulloa St, San Francisco"
The Gruber Partners,1,2,Outer Richmond,531110,7450 Geary Blvd Apts,"Po Box 470126, San Francisco, 94147","7450 Geary Blvd, San Francisco"
"The Housing Guild Management Co., Inc.",1,2,Inner Richmond,531110,The Housing Guild,"4630 Geary Blvd Ste 200, San Francisco, 94118","4630 Geary Blvd Ste 200, San Francisco"
"The Kenilworth Apartments, LLC",1,2,,531110,"The Kenilworth Apartments, LLC","2960 Van Ness Ave Ste C, San Francisco, 94109","2960 Van Ness Ave Ste C, San Francisco"
The Knox Partners Lp,1,2,,531110,Knox Sro,"230 4th St, San Francisco, 94103","241 6th St, San Francisco"
The Prado Group Inc,1,2,,531110,The Prado Group Inc,"150 Post St Ste 320, San Francisco, 94108","150 Post St Ste 320, San Francisco"
The Roxborough Group LLC,1,2,,531390,The Roxborough Group LLC,"1 Bush St Ste 1450, San Francisco, 94104","1 Bush St Ste 1450, San Francisco"
"The Swann Group Sf, Inc.",1,2,Noe Valley,531210,"The Swann Group Sf, Inc.","3927 24th St, San Francisco, 94114","3927 24th St, San Francisco"
"The Topham Company, LLC",1,2,,53,"The Topham Company, LLC","220 Montgomery St Ste 1940, San Francisco, 94104","220 Montgomery St Ste 1940, San Francisco"
The Vanmark Group Inc,1,2,,531390,The Vanmark Group Inc,"555 Miner Rd, Orinda, 94563","735 Market St Fl 3, San Francisco"
Third Act Properties LLC,1,2,Mission,531390,Third Act Properties LLC,"920 Guerrero St Ste 926, San Francisco, 94110","920 Guerrero St Ste 926, San Francisco"
Thirdkey Properties LLC,1,2,,531110,Thirdkey Properties LLC,"500 Westover Dr 10195 Ste, Sanford, 27330","500 Westover Dr 10195, Sanford"
Thompson Olivia Properties LLC,1,2,,531110,Thompson Olivia Properties LLC,"60 Singingwood Ln, Orinda, 94563","53 Eureka St, San Francisco"
Thompson-Oliva Properties LLC,1,2,,531110,Thompson-Oliva Properties LLC,"60 Singingwood Ln, Orinda, 94563","2645 Market St, San Francisco"
Thunderbird Real Estate LLC,1,2,,531110,Thunderbird Real Estate LLC,"1690 Filbert St Ste A, San Francisco, 94920","1690 Filbert St Apt, San Francisco"
Tilmar Properties LLC,1,2,,531110,4687/4689 Mssion Bldg,"25960 Via Margarita, Carmel, 93923","4687 Mission St, San Francisco"
Tilton-Maiden Lane Partners Lp,1,2,,531312,Tilton-Maiden Lane Partners Lp,"1250 Martin Luther King Jr Way, Oakland, 94612","120 Maiden Ln, San Francisco"
"Tjc Group, LLC",1,2,,53,1790 27th Av Apts | 1790 27th Ave Commercial,"399 30th Ave, San Francisco, 94121","1790 27th Ave, San Francisco"
Tl Management LLC,1,2,,531390,Tl Management LLC,"355 Hayes St, San Francisco, 94102","355 Hayes St, San Francisco"
Tom Group LLC,1,2,,531110,Tom Group LLC,"12 Connemara Dr, Pacifica, 94044","12 Connemara Dr, Pacifica"
Top Tier Property Management LLC,1,2,,531390,Top Tier Property Management LLC,"3535 Market St, San Francisco, 94131","3535 Market St, San Francisco"
Toraya Apartments,1,2,,531110,Toraya Apartments,"35 Glengarry Way, Hillsborough, 94010","Post St, San Francisco"
Trammell Crow Company LLC,1,2,,531390,Trammell Crow Company LLC,"2375 N Glenville Dr Bldg A, Richardson, 75082","101 California St Fl 44, San Francisco"
Treat St Apts LLC,1,2,Mission,531110,Treat St Apts LLC,"2521 Folsom St, San Francisco, 94110","2521 Folsom St, San Francisco"
"Tres Socios Real Estate, LLC",1,2,,531110,Jefferson At Divis Apartments,"1690 Filbert St Ste A, San Francisco, 94123","1895 Jefferson St, San Francisco"
Tri Commercial Real Estate Svc,1,2,,53,Tri Commercial Real Estate Svc,"1777 Oakland Blvd Ste 220, Walnut Creek, 94596","4 Embarcadero Ctr, San Francisco"
Trio Properties Inc,1,2,,531210,Trio Properties Inc,"1151 Taraval St, San Francisco, 94116","1151 Taraval St, San Francisco"
Trs Property Services Inc,1,2,Mission,531311,The Rental Source | Trs Properties,"2013 16th St, San Francisco, 94103","2013 16th St, San Francisco"
Tsnc Property Company LLC,1,2,,531110,3070-72 Jackson Street,"Po Box 472229, San Francisco, 94147","3070 Jackson St, San Francisco"
"Turk & Eddy Associates, L.P.",1,2,,531110,None,"201 Eddy St, San Francisco, 94102","201 Eddy St, San Francisco"
U&I Property Management LLC,1,2,,531312,U&I Property Management LLC,"659 Mangels Ave, San Francisco, 94127","500 Bryant St Unit 102, San Francisco"
Unif Management Inc,1,2,,53,Unif Management Inc,"500 Masonic Ave Ste B, San Francisco, 94117","500 Masonic Ave Ste B, San Francisco"
Union Property Capital Inc,1,2,,531312,"Union Property Capital, Inc.","101 Montgomery St # 625 Ste, San Francisco, 94104","101 Montgomery St Ste 625, San Francisco"
United Associates Invest Inc,1,2,,531311,United Associates Invest Inc,"1580 Taraval St, San Francisco, 94116","1580 Taraval St, San Francisco"
United Management Group LLC,1,2,,53,United Management Group LLC,"23 Geary St Ste 510, San Francisco, 94108","23 Geary St Ste 510, San Francisco"
"Unity Homes, Inc",1,2,,531110,Unity Homes,"220 Cashmere St, San Francisco, 94124","220 Cashmere St, San Francisco"
Up Real Estate & Property Services Inc,1,2,,531210,Up Commercial | Up Properties | Up Real Estate,"2020 Ocean Ave Ste 2a, San Francisco, 94127","2020 Ocean Ave Ste 2a, San Francisco"
Urban Group Real Estate Incorporated,1,2,Mission,"531110, 531210",Urban Group Real Estate Inc. | Urban Group Real Estate Incorporated,"1328 Valencia St, San Francisco, 94110","1328 Valencia St, San Francisco"
"Urban Place Consulting Group, Inc",1,2,,531390,"Urban Place Consulting Group, Inc.","5318 E 2nd St Ste 336, Long Beach, 90803","5318 E Second E St Ste 336, Long Beach"
Urbanites Real Estate Inc,1,2,,531210,Urbanites Real Estate Inc,"58 West Portal Ave #501, San Francisco, 94127","58 West Portal Ave 501, San Francisco"
"V Multifamily Partners A2 Lpf, LLC",1,2,,531110,"V Multifamily Partners A2 Lpf, LLC","Po Box 1258, Portsmouth, 03802","268 Bush St # 1688, San Francisco"
"Valencieh, LLC Residential",1,2,,531311,"Valencieh, LLC Residential","4443 Po Box, Burlingame, 94011","535 -537 Valencia St #, San Francisco"
Valhalla Real Estate Inc,1,2,,531312,Valhalla Real Estate,"10 Dorman Ave, San Francisco, 94124","10 Dorman Ave, San Francisco"
Vallejo Street Partners LLC,1,2,,531110,517 Vallejo St Apts,"1234 Castro St, San Francisco, 94114","517 Vallejo St, San Francisco"
Vallejo View Apartments LLC,1,2,,531110,Vallejo View Apartments,"1717 Powell St Ste 300, San Francisco, 94133","2000 Vallejo St, San Francisco"
Valmi Associates / Asadoor Astorian & Josyane Gandolfo,1,2,,531110,Fillmore,"1 Nina Ct Ste, Mill Valley, 94941","2027 Fillmore St, San Francisco"
Valstock Management,1,2,,531390,Valstock Management,"635 Vallejo St, San Francisco, 94133","635 Vallejo, San Francisco"
Valued-Properties LLC,1,2,,531390,Valued-Properties LLC,"482 Madrid St, San Francisco, 94112","482 Madrid St, San Francisco"
"Van Ness Hayes Associates, LLC",1,2,,531110,150 Van Ness,"155 Montgomery St Ste 1100, San Francisco, 94104","150 Van Ness Ave, San Francisco"
Vandewater Apartments LLC,1,2,,531110,Vandewater Apartments LLC,"452 Beach St, San Francisco, 94133","273 Jefferson St, San Francisco"
Vanke Us Management LLC,1,2,,531390,Vanke Us Management LLC,"130 W 42nd St 16 Fl, New York, 10036","130 W 42nd St Fl 16, New York"
Ventura Development Partners,1,2,Mission,531390,Ventura Partners,"70 Otis St, San Francisco, 94103","70 Otis St, San Francisco"
Venture Properties,1,2,,531110,2090 Green Apts,"4444 Geary Blvd Ste 105, San Francisco, 94118","2090 Green St, San Francisco"
Vertex Property Group,1,2,,531311,Berendt Property Group | Vertex Property Group,"2443 Fillmore St 271 #, San Francisco, 94115","545 Francisco St, San Francisco"
"Vic Strategic Multifamily Partners A, L.P.",1,2,,531110,"Vic Strategic Multifamily Partners A, L.P.","Po Box 1258, Portsmouth, 03802","268 Bush St # 1688, San Francisco"
Vicente Properties LLC,1,2,,531110,Vicente Properties LLC,"2120 Market St 105 Ste, San Francisco, 94114","3210 Vicente St #40, San Francisco"
Victori Properties LLC,1,2,,531110,Victori Properties LLC,"305 Mcknight Park Dr, Pittsburgh, 15237","1795 Chestnut St, San Francisco"
Vision It Homes Inc,1,2,,531390,Vision It Homes It,"26 Westbrook Ct, San Francisco, 94124","26 Westbrook Ct, San Francisco"
Vito Properties LLC,1,2,,531110,Vito Properties LLC,"305 Mcknight Park Dr, Pittsburgh, 15237","3232 Gough St, San Francisco"
Volta Partners LLC,1,2,Nob Hill,53,Volta Partners LLC,"1725 Clay St Ste 102, San Francisco, 94109","1730 Leavenworth St #1732, San Francisco"
Voss Managment Company LLC,1,2,,53,Voss Management Company LLC,"1150 Union St Apt 303, San Francisco, 94109","11 San Jacinto Way, San Francisco"
Wahlberg Properties LLC,1,2,,531110,Wahlberg Properties LLC,"66 Palisades Dr, Daly City, 94015","3360 Scott St Ste, San Franncisco"
Wall Company,1,2,Nob Hill,531110,Wall Company-Hyde,"2001 Union St Ste 300, San Francisco, 94123","810 Hyde St, San Francisco"
Waller Property Group LLC,1,2,Haight Ashbury,531110,Waller Property Group LLC,"29 Orinda Way Ste 232, Orinda, 94563","1369 Waller St, San Francisco"
Walnut Hill Group LLC - Series B,1,2,,531390,Walnut Hill Group LLC - Series B,"101 California St Ste 950, San Francisco, 94111","150 Spear St, San Francisco"
Wanderingson Properties LLC,1,2,,531110,Wanderingson Properties LLC,"584 Castro St # 446, San Francisco, 94114","1215 Capitol Ave, San Francisco"
Warrington Apartments Lp,1,2,,531110,Warrington Apartments Lp,"1717 Powell St Ste 300, San Francisco, 94133","775 Post St, San Francisco"
Water Bay Apartments Lp,1,2,,531110,Water Bay Apartments Lp,"15421 Chemical Ln, Huntington Beach, 92649","15421 Chemical Ln, Huntington Beach"
Waterfront Management LLC,1,2,,531110,Waterfront Management LLC,"888 N Point St, San Francisco, 94109","884 N Point St #886, San Francisco"
"Watershed Partners, Inc.",1,2,,531390,"Watershed Partners, Inc.","200 Southdale Ctr, Minneapolis, 55435","845 Market St Ste 450, San Francisco"
Wentworth Property Mngmnt Inc,1,2,,531312,Wentworth Property Management,"383 Rhode Island St Ste 200, San Francisco, 94103","383 Rhode Island St Ste 200, San Francisco"
West Pac Realty Advisors,1,2,Haight Ashbury,53,West Pac Realty Advisors,"71 Delmar St Unit Unit, San Francisco, 94117","71 Delmar St, San Francisco"
Westbrook Housing Partners Lp,1,2,,531110,Westbrook Housing Partners Lp,"0000 Undeliverable Mail, San Francisco, 99999","18201 Von Karmon Ave Ste 900, Irvine"
"Westerfeld Apartments, Lp.",1,2,,531110,"Westerfeld Apartments, Lp","1717 Powell St Ste 300, San Francisco, 94133","902 Divisadero St, San Francisco"
Westside Courts Housing Partners Lp,1,2,,531110,Westside Courts Housing Partners Lp,"18201 Von Karman Ave Ste 900, Irvine, 92612","18201 Von Karmon Ave Ste 900, Irvine"
Whitney Oaks Realty Inc,1,2,,531110,San Francisco Rental Concierge,"1267 39th Ave, San Francisco, 94122","1267 39th Ave, San Francisco"
Willowick Management LLC,1,2,,531311,Willowick Management LLC,"101 California St Ste 1000, San Francisco, 94111","33 Tehama St, San Francisco"
Winterland Sf Partners,1,2,,531110,2000 Post | 2000 Post IIi | 2000 Post St Apts,"1745 Shea Center Dr Ste 200, Highlands Ranch, 80129","2000 Post St, San Francisco"
Wjj Realty LLC,1,2,,531110,Wjj Realty LLC,"477 Harkness Ave, San Francisco, 94134","290 Miramar Ave, San Francisco"
Wm Properties Inc,1,2,,53,"Wm Properties, Inc","216 Maple St, Susanville, 96130","3024 Fillmore St, San Francisco"
Wong Basalle Realty Inc,1,2,Outer Richmond,53,Wong Basalle Realty Inc,"2543 Clement St, San Francisco, 94121","2543 Clement St, San Francisco"
Wong Realty LLC,1,2,,531110,Wong Realty LLC,"413 3rd St, Oakland, 94607","413 3rd St, Oakland"
Woodbridge Management Inc,1,2,,53,Woodbridge Management Inc,"27 Maiden Ln Ste 240, San Francisco, 94108","27 Maiden Ln Ste 240, San Francisco"
Yale Properties Usa Inc,1,2,,53,Yale Properties Usa Inc,"5580 La Jolla Blvd # 615, La Jolla, 92037","77 Geary St, San Francisco"
Yatsu Nami Housing Inc,1,2,,531110,Yatsu Nami Housing Inc,"1911 Bush St 4b Apt, San Francisco, 94115","1911 Bush St, San Francisco"
"Yatsu-Nami Housing, Inc.",1,2,,531110,Yatsunami 1945,"1911 Bush St 4b Apt, San Francisco, 94115","1945 Bush St, San Francisco"
Ybl Cellar Partners LLC,1,2,,53,Press Club,"735 Market St, San Francisco, 94103","735 Market St, San Francisco"
Yee Company LLC,1,2,Inner Richmond,531110,Yee Company LLC,"1605 Candace Way, Los Altos, 94024","4939 California St Apt 4, San Francisco"
Yih Partners LLC,1,2,,531390,"2886 Golden Gate And 742, 744, 746 Arguello St, San Francisco Ca 94118","101 Alamo Hills Dr, Alamo, 94507","101 Alamo Hills Dr, Alamo"
Yosemite Apartment Associates Lp,1,2,,531110,Yosemite Apartment Associates Lp,"201 Eddy St Bldg, San Francisco, 94102","201 Eddy St, San Francisco"
Yvette Properties Inc,1,2,,531311,815-829 Grant Ave Apts,"1193 Church St, San Francisco, 94114","815 Grant Ave, San Francisco"
Ywca Apartments Inc,1,2,,531110,Ywca Apartments Inc,"940 Powell St Apt 101, San Francisco, 94108","940 Powell St, San Francisco"
Zf Property LLC,1,2,,531110,Zf Property LLC,"1798 19th Ave, San Francisco, 94122","1188 Noriega St Fl 2, San Francisco"
Zh Group Realty Inc,1,2,,53,Zh Group,"870 Taraval St Unit B, San Francisco, 94116","870 Taraval St Unit B, San Francisco"
"Zillow Group Marketplace, Inc.",1,2,,531390,Zillow Group Mortgages,"1301 2nd Ave Fl 31, Seattle, 98101","535 Mission St Ste 700, San Francisco"
