neighborhood,address,units,confirmed_apartment,company,naics,company_buildings_in_target
Inner Richmond,100 Lake St,16,yes,"Sf Apartments Investor Holdings, LLC",531110,21
Inner Richmond,4540 California St,12,yes,Sf Owner LLC,"531110, 531311",18
Inner Richmond,325 9th Ave,,,Sf Owner LLC,"531110, 531311",18
Inner Richmond,370 4th Ave #372,,,Dewolf Realty Co,531110,14
Inner Richmond,4330 California St,,,Dewolf Realty Co,531110,14
Inner Richmond,80 7th Ave,,,Dewolf Realty Co,531110,14
Inner Richmond,4950 California St,12,yes,Castellucci Antonio,531311,13
Inner Richmond,1656 Anza St,4,yes,Castellucci Antonio,531311,13
Inner Richmond,4263 -429 California St,,,Castellucci Antonio,531311,13
Inner Richmond,4404 California St,,,Castellucci Antonio,531311,13
Inner Richmond,87 7th Ave,,,Castellucci Antonio,531311,13
Inner Richmond,200 4th Ave #214,,,Wai John E 1981 Lvg Trust,531110,9
Inner Richmond,758 2nd Ave #760,,,Unif Inc,53,8
Inner Richmond,4715 Geary Blvd,,,Mar Nancy A,531110,6
Inner Richmond,4719 Geary Blvd,,,Mar Nancy A,531110,6
Inner Richmond,276 8th Ave,,,Colabianchi Sebastian F,531110,5
Inner Richmond,4345 California St,,,Colabianchi Sebastian F,531110,5
Inner Richmond,4349 California St,,,Colabianchi Sebastian F,531110,5
Inner Richmond,832 Clement Street St,,,Donald Soohoo,53,5
Inner Richmond,836 Clement Street St,,,Donald Soohoo,53,5
Inner Richmond,840 Clement Street St,,,Donald Soohoo,53,5
Inner Richmond,844 Clement St,,,Donald Soohoo,53,5
Inner Richmond,848 Clement St,,,Donald Soohoo,53,5
Inner Richmond,4450 Geary Blvd,,,Khostovan Ali & Fatemah,53,5
Inner Richmond,180 4th Ave,,,The Gruber Family Partners,531110,5
Inner Richmond,107 11th Ave,,,Artal Family Lp,531110,4
Inner Richmond,300 2nd Ave,,,Govan Legacy LLC,531110,4
Inner Richmond,55 - 59 Clement St,,,Govan Legacy LLC,531110,4
Inner Richmond,4845 California St,5,yes,M&K Klestoff 1990 Family Trust,531110,4
Inner Richmond,3836 Geary Blvd #40,,,M&K Klestoff 1990 Family Trust,531110,4
Inner Richmond,217 Balboa St,,,Varni Anthony,531110,4
Inner Richmond,431 -433 Clement St,,,Danny Zheng,53,3
Inner Richmond,612 Clement St,,,Danny Zheng,53,3
Inner Richmond,616 Clement St,,,Danny Zheng,53,3
Inner Richmond,1700 Anza St,9,yes,Hoffman Sf Properties LLC,531110,3
Inner Richmond,483 8th Ave,,,Hoffman Sf Properties LLC,531110,3
Inner Richmond,385 7th Ave,,,Howard Jow,531110,3
Inner Richmond,480 8th Ave,,,Joal LLC,531110,3
Inner Richmond,670 9th Ave,,,Joal LLC,531110,3
Inner Richmond,4444 Geary Blvd,,,Jsm Sf Investments LLC,531110,3
Inner Richmond,184 Funston Ave,,,Marvin A Remmich,531110,3
Inner Richmond,714 Clement St #,3,yes,"Sellai Properties, LLC",53,3
Inner Richmond,281 8th Avenue Ave,,,"Sellai Properties, LLC",53,3
Inner Richmond,708 Clement Street St,,,"Sellai Properties, LLC",53,3
Inner Richmond,301 Clement St,,,Woo H/Woo J/Woo M/Lum H,53,3
Inner Richmond,307 4th Ave,,,Woo H/Woo J/Woo M/Lum H,53,3
Inner Richmond,309 4th Ave #200,,,Woo H/Woo J/Woo M/Lum H,53,3
Inner Richmond,180 7th Ave,,,Yip Elizabeth,531110,3
Inner Richmond,4454 California St,,,Yip Elizabeth,531110,3
Inner Richmond,206 Clement St,,,Yuk Leung-Chan,53,3
Inner Richmond,495 3rd Ave,,,2000 Kwei Sang & Michele A U Revocable Trust,531110,2
Inner Richmond,5017 California St Apt 3,3,yes,343 21st Ave LLC,531110,2
Inner Richmond,388 4th Ave #392,,,Alberts Robert F,53,2
Inner Richmond,3954 Geary Blvd,,,Alberts Robert F,53,2
Inner Richmond,138 2nd Ave,,,Barry-Elizabeth LLC,531311,2
Inner Richmond,45 Lake St,,,Barry-Elizabeth LLC,531311,2
Inner Richmond,363 Arguello Blvd,,,Bernard Living Trust,531110,2
Inner Richmond,427 Arguello Blvd,,,Chan David & Pauline,531110,2
Inner Richmond,565 8th Ave,,,Chan David & Pauline,531110,2
Inner Richmond,493 7th Ave,,,Chan Lawrence,531110,2
Inner Richmond,687 4th Ave,,,Chester C & Soo Hing Lau,531110,2
Inner Richmond,705 2nd Ave,,,Chiu Andrew & Allan & Alfred,531110,2
Inner Richmond,27 Cabrillo St,6,yes,Choy Wilson G & Melina,53,2
Inner Richmond,625 Arguello Blvd,,,Daniel Oneill,531110,2
Inner Richmond,707 Arguello Blvd,,,Daniel Oneill,531110,2
Inner Richmond,203 4th Ave #205,,,Fain Alexander,53,2
Inner Richmond,301 Cornwall St,,,Fain Alexander,53,2
Inner Richmond,456 9th Ave,,,Fong Hanlon J,531110,2
Inner Richmond,152 2nd Ave #3,,,Fong Thin Jick & Choy Chow,531110,2
Inner Richmond,270 5th Ave,,,Fortier Claire A,531110,2
Inner Richmond,80 7th Ave,,,Fortier Claire A,531110,2
Inner Richmond,684 Funston Ave,,,Garret And Anita Tom Trust,53,2
Inner Richmond,388 2nd Ave,,,Goodman Keith,531110,2
Inner Richmond,1156 Clement St,,,Hall Tina,531110,2
Inner Richmond,52 7th Ave,,,Hall Tina,531110,2
Inner Richmond,327 Balboa St,6,yes,"Harbin Manchurian Cuisine, Inc.","53, 531110",2
Inner Richmond,325 A Balboa St,,,"Harbin Manchurian Cuisine, Inc.","53, 531110",2
Inner Richmond,415 3rd Ave,,,Hom Hanson Etal,531110,2
Inner Richmond,4405 California St,19,yes,Julia Apartments Lp,531110,2
Inner Richmond,4425 California St,,,Julia Apartments Lp,531110,2
Inner Richmond,1127 Clement St,,,Kahle/Austin Foundation,531110,2
Inner Richmond,300 Funston Ave,,,Kahle/Austin Foundation,531110,2
Inner Richmond,4333 California St,,,Karpman Stephen,531110,2
Inner Richmond,295 11th Ave,,,Kelly Nguyen,531110,2
Inner Richmond,Clement/11th,,,Kelly Nguyen,531110,2
Inner Richmond,609 - 61 Clement St,,,Klein Family Trust,531110,2
Inner Richmond,707 - 71 Clement St,,,Klein Family Trust,531110,2
Inner Richmond,269 5th Ave,,,Lai Ching II/Gum Kuer LLC,531110,2
Inner Richmond,463 8th Ave,,,Lee Chester & Doris K,531110,2
Inner Richmond,631 3rd Ave #633,,,Lee Donald O,531110,2
Inner Richmond,3030 Fulton St,8,yes,Lee John & Et Al,531110,2
Inner Richmond,500 7th Ave,,,Lee Living Trust,531110,2
Inner Richmond,455 9th Ave,,,Lee Nancy & Ho Robert,531110,2
Inner Richmond,2530 Fulton St,4,yes,Lee Robert J,531110,2
Inner Richmond,370 4th Ave,,,Lee Robert J,531110,2
Inner Richmond,1441 Anza St,,,Leung Chuk Ming & Eileen Lin,531110,2
Inner Richmond,1743 Anza Street,,,Leung Chuk Ming & Eileen Lin,531110,2
Inner Richmond,270 12th Ave,,,Lily Sathienthirakul,531110,2
Inner Richmond,274 12th Ave,,,Lily Sathienthirakul,531110,2
Inner Richmond,190 11th Ave,,,Link Kurt,531390,2
Inner Richmond,775 10th Ave,,,Lockary Joseph,531110,2
Inner Richmond,331 9th Ave,,,Louie Kelvin G & Genevieve,53,2
Inner Richmond,725 Arguello Blvd,,,Mar Jew,531110,2
Inner Richmond,401 Lake St,15,yes,Pietro & Pietro,531110,2
Inner Richmond,405 12th Ave,,,Rally Dean Tami,531311,2
Inner Richmond,4801 Geary Blvd 101-B,,,Rally Dean Tami,531311,2
Inner Richmond,80 7th Ave,,,Romel California LLC,531110,2
Inner Richmond,441 4th Ave,,,Ruan Nevin Xiao De,531110,2
Inner Richmond,1 Cabrillo St,23,yes,Sams Management Company Lp,531110,2
Inner Richmond,443 7 Th Ave,,,Samuel S. Luk,531110,2
Inner Richmond,530 11th Ave,,,Sophie Ng,531110,2
Inner Richmond,393 7th Ave Ste 301,,,Sunee Huang,531110,2
Inner Richmond,4751 Geary Blvd,,,Sunee Huang,531110,2
Inner Richmond,4320 California St,,,Talmage Oliver A.,531110,2
Inner Richmond,169 12th Ave,,,Tracy Lee,531110,2
Inner Richmond,225 7th Ave,,,Tracy Lee,531110,2
Inner Richmond,422 9th Ave,,,Trinity G2 Holding LLC,531110,2
Inner Richmond,440 9th Ave,,,Trinity G2 Holding LLC,531110,2
Inner Richmond,291 8th Ave,,,Wallerstein Donald M Estate Of,531110,2
Inner Richmond,620 Clement St,,,Wallerstein Donald M Estate Of,531110,2
Inner Richmond,743 Cabrillo St,,,Wang Yuh Ta,531110,2
Inner Richmond,4600 California St,,,Wong Ngao Ngen & Fay,531110,2
Inner Richmond,648 7th Ave,,,Wong Ngao Ngen & Fay,531110,2
Inner Richmond,912 Clement St,,,Yong Kee Co Inc,53,2
Inner Richmond,916 Clement St,,,Yong Kee Co Inc,53,2
Inner Richmond,995 4308-4310 California St #216,,,Yu James K,53,2
Inner Richmond,125 Clement St,,,"121-123-125 Clement St., LLC",53,1
Inner Richmond,5017 California St Apt 3,3,yes,1235 46th Ave LLC,531110,1
Inner Richmond,1309 Anza St,9,yes,"1309 Anza Street, LLC",53,1
Inner Richmond,4005 California St,16,yes,"4005 California Street, LLC",531110,1
Inner Richmond,501 Lake St,8,yes,501 Lake Street,531110,1
Inner Richmond,527 Balboa St,,,521 Balboa LLC,531110,1
Inner Richmond,725 6th Ave,,,Anastasio Stanley,531110,1
Inner Richmond,156 9th Ave,,,Barbara Krzywicki,531110,1
Inner Richmond,130 Lake St,12,yes,Berger Reiko O,531110,1
Inner Richmond,205 2nd Ave,,,Blanz David & Karen,531110,1
Inner Richmond,550 Lake St,16,yes,Bush 550 Lake St,531110,1
Inner Richmond,242 5th Ave,,,Callan Robert/Barbara & Callan William/Teresa,531110,1
Inner Richmond,289 9th Ave,,,Ccdc Small Sites LLC,531110,1
Inner Richmond,201 Cornwall St,5,yes,Chao Kevin,531110,1
Inner Richmond,660 8th Ave,,,Chern Harry & Kathy,53,1
Inner Richmond,491 4th Ave,,,Choy Raymond G,531110,1
Inner Richmond,27 Cabrillo St,6,yes,Choy Wilson G,53,1
Inner Richmond,501 Clement St,,,Chun Victor C Etal,531110,1
Inner Richmond,122 124 11th Ave,,,Clayton D. Jew,53,1
Inner Richmond,1726 Anza St,6,yes,Connachta Capital West LLC,531110,1
Inner Richmond,590 7th Ave,,,Dare Kenneth R Et Al,531110,1
Inner Richmond,674 6th Ave,,,Davies Christopher,"531110, 531312",1
Inner Richmond,368 7 Ave,,,Douglas Lim,531110,1
Inner Richmond,479 7th Ave,,,E & H Company,53,1
Inner Richmond,540 Lake St,4,yes,Edmond S & Sophie E Ng,531110,1
Inner Richmond,817 Clement St,8,yes,Estate Of Chan Wing Kwan,531110,1
Inner Richmond,267 11th Ave,,,Faziola Richard J & Hilda,531110,1
Inner Richmond,125 4th Ave,,,Felix Group LLC,531110,1
Inner Richmond,695 3rd Ave B,,,Fox Property Management LLC,531110,1
Inner Richmond,4134 Geary Blvd,,,Frank Properties (Commercial),53,1
Inner Richmond,950 Cabrillo St,14,yes,"Gbp 950 Cabrillo Owner, LLC",531110,1
Inner Richmond,2550 Fulton St,13,yes,Gruber Family Partners,531110,1
Inner Richmond,5000 California St,15,yes,Gruber Family Ptnr/Sockolov,531110,1
Inner Richmond,736 Lake St Apt 2,4,yes,Hallinan T E/Johnson C L,531110,1
Inner Richmond,3500 Fulton St,15,yes,Hamby Carol A & Dennis L,531110,1
Inner Richmond,355 7th Ave,,,Hoffman-Klein,531110,1
Inner Richmond,3100 Fulton St,16,yes,Hurwitt Fishgold Fishgold,531110,1
Inner Richmond,300 Cabrillo St,10,yes,Indelicato Robin/Indelicato Gaspare,531110,1
Inner Richmond,606 Clement St,4,yes,Jackman Eng,531110,1
Inner Richmond,120 Clement St,,,Jaynry Mak,531110,1
Inner Richmond,442 Cabrillo St,4,yes,Joseph Edward Petrick,531110,1
Inner Richmond,3840 Geary Blvd Rm 3840,,,Klestoff Michael & Kathleen,531110,1
Inner Richmond,4721 California St #25,3,yes,Kwan Lim/Kwan Hong/Kwan Yip/Kwan,531110,1
Inner Richmond,115 Clement St,,,Lai Tung Loi,531110,1
Inner Richmond,1143 Balboa St,5,yes,Lam Helen,531110,1
Inner Richmond,1944 Anza St,6,yes,Lee D Y & Shui S K Etal,531110,1
Inner Richmond,420 Lake St,12,yes,Lee Evelyn,531110,1
Inner Richmond,1344 Anza St,4,yes,Lee John W P,531110,1
Inner Richmond,3010 Fulton St Apt 1,12,yes,Lee Mai Kai,531110,1
Inner Richmond,4644 Geary Blvd,,,Lee Sally,531110,1
Inner Richmond,1108 Lake St,6,yes,Lee Shiu-Ming,53,1
Inner Richmond,237 Clement St,,,Leong Roberto & Maria,531110,1
Inner Richmond,342 8th Ave,,,Lila Lim,531110,1
Inner Richmond,1725 Anza St,4,yes,Look G Look J Look B & Look R,531110,1
Inner Richmond,330 11th Ave,,,Louie Kenneth,531110,1
Inner Richmond,1010 Anza St,13,yes,Low Raymond & Irene,531110,1
Inner Richmond,303 Arguello Blvd,,,Margaret Oneill Trustee Et Al,531110,1
Inner Richmond,630 7th Ave,,,Mcdonagh James,531110,1
Inner Richmond,2045 Anza St,5,yes,Miura Shigeko,53,1
Inner Richmond,435 2nd Ave,,,Moriarty Dennis F & Terese C,531110,1
Inner Richmond,653 Arguello Blvd,,,Nam Investments Lp,531110,1
Inner Richmond,4748 California St,,,Nancy C. Kearney Trustee,531110,1
Inner Richmond,745 Balboa St,6,yes,Ng Family 1989 Revocable Trust,531110,1
Inner Richmond,562 6th Ave,,,Ng Shirley K,53,1
Inner Richmond,4444 Geary Blvd Ste 100,,,"Pao-Teh Property Inc., C/O Nancy Tan",531110,1
Inner Richmond,451 Clement St,4,yes,Paolio Clement LLC,531110,1
Inner Richmond,24 Balboa St Apt 4,3,yes,Peng-Chiu Leong,531110,1
Inner Richmond,765 Arguello Blvd,,,Po Ka & Shui W Tse Revoc Trust,531110,1
Inner Richmond,1045 Lake,9,yes,Rally Dean D & Tami L,531311,1
Inner Richmond,601 Lake St,10,yes,Robert Bruce Dunn,531110,1
Inner Richmond,1003 Anza St,5,yes,Rourke Philip & Quiery Marie,531110,1
Inner Richmond,410 Lake St,10,yes,Silvia Weinberger,531110,1
Inner Richmond,295 12th Ave,,,Smith Apartment Properties LLC,531110,1
Inner Richmond,4131 California St,8,yes,Stelling Diane A,531110,1
Inner Richmond,721 Arguello Blvd,,,Suessmann Rosa & Fred,531110,1
Inner Richmond,5026 California St,4,yes,Szeto Tom & Margaret,531110,1
Inner Richmond,4550 California St,6,yes,Tang Ziling,531110,1
Inner Richmond,530 Lake St,12,yes,Thomas And Amy Mecham Family Trust,531110,1
Inner Richmond,5010 California St,6,yes,Tom Sang & Wai Fong,531110,1
Inner Richmond,5027 California St,5,yes,Tong Robinson Sharon,531110,1
Inner Richmond,520 8th Ave,,,Toy Real Estate Investment Company I LLC,531110,1
Inner Richmond,5001 California St,,,Tung Cheung,531110,1
Inner Richmond,1227 Anza St,12,yes,United Glory LLC,531110,1
Inner Richmond,4444 Geary Blvd Ste 306,,,Vanessa Y Wong,531210,1
Inner Richmond,617 Clement St,,,Wapler Trusts - Clement Street,531110,1
Inner Richmond,610 3rd Ave,,,Wilson Marc,531110,1
Inner Richmond,581 3rd Ave,,,Wong Fee Chang & Siu Yip,531110,1
Inner Richmond,635 9th Ave,,,Wong Wilbert & Sriprathum,53,1
Inner Richmond,508 Cabrillo St,4,yes,Yang Kirk Revocable Trust,531110,1
Inner Richmond,5021 California St,5,yes,Yee Alvin P,531110,1
Inner Richmond,4939 California St Apt 4,4,yes,Yee Company LLC,531110,1
Inner Richmond,14 Clement St,14,yes,Yee John,531110,1
Inner Richmond,417 Lake St,4,yes,Yuen Clifford Etal,53,1
Central Richmond,5431 California St,12,yes,"Sf Apartments Investor Holdings, LLC",531110,21
Central Richmond,175 21st Ave,,,"Sf Apartments Investor Holdings, LLC",531110,21
Central Richmond,365 -375 24th Ave,,,"Sf Apartments Investor Holdings, LLC",531110,21
Central Richmond,411 15th Ave,,,Sf Owner LLC,"531110, 531311",18
Central Richmond,359 21st Ave,,,Dewolf Realty Co,531110,14
Central Richmond,449 15th Ave,,,Del Camp Investments Inc,531110,11
Central Richmond,5411 Geary Blvd,,,Del Camp Investments Inc,531110,11
Central Richmond,449 15th Ave,,,Del-Camp Investments Inc,531110,7
Central Richmond,595 22nd Ave,,,T & A Drolapas & Sons L.P.,531110,7
Central Richmond,1440 Clement St,8,yes,Khostovan Ali & Fatemah,53,5
Central Richmond,291 18th Ave #297,,,Leung Eugene,531110,5
Central Richmond,2201 Lake St,12,yes,The Gruber Family Partners,531110,5
Central Richmond,2255 Lake St,12,yes,The Gruber Family Partners,531110,5
Central Richmond,4410 Fulton Ave,6,yes,David Braun,531110,4
Central Richmond,490 23rd Ave,,,Hwang Family Living Trust,531110,4
Central Richmond,5950 California St,15,yes,Rando Maria,53,4
Central Richmond,2011 Clement St,9,yes,Rando Maria,53,4
Central Richmond,1801 Clement St,,,Rando Maria,53,4
Central Richmond,6000 California St,,,Rando Maria,53,4
Central Richmond,2917 Anza St,4,yes,Woo Steven & Carmen,531110,4
Central Richmond,579 21st Ave,,,Woo Steven & Carmen,531110,4
Central Richmond,5950 California St,15,yes,Anthony And Maria Gloria Rando,53,3
Central Richmond,139 23rd Ave,,,Anthony And Maria Gloria Rando,53,3
Central Richmond,5842 5844 Geary,,,Anthony And Maria Gloria Rando,53,3
Central Richmond,5040 Geary Blvd,,,Jsm Sf Investments LLC,531110,3
Central Richmond,5050 Geary Blvd,,,Jsm Sf Investments LLC,531110,3
Central Richmond,5800 Geary Blvd,,,"Minh Ngo & Trinh Thuan Thai, LLC",531110,3
Central Richmond,5812 Geary Blvd,,,"Minh Ngo & Trinh Thuan Thai, LLC",531110,3
Central Richmond,5816 Geary Blvd,,,"Minh Ngo & Trinh Thuan Thai, LLC",531110,3
Central Richmond,418 25th Ave,,,S Lew Family LLC,531110,3
Central Richmond,2252 Clement St,,,Yamagami Dick N,531210,3
Central Richmond,1607 Clement St,,,Yuk Leung-Chan,53,3
Central Richmond,1609 Clement St,,,Yuk Leung-Chan,53,3
Central Richmond,5441 California St,9,yes,2000 Kwei Sang & Michele A U Revocable Trust,531110,2
Central Richmond,343 21st Ave,,,343 21st Ave LLC,531110,2
Central Richmond,2121 Cabrillo St,,,Andy Jiang,53,2
Central Richmond,116 19th Ave,,,Basalle Wong,53,2
Central Richmond,445 24th Ave,,,Bernard Living Trust,531110,2
Central Richmond,3910 Fulton St,14,yes,Birsinger Charlotte C Tr,531110,2
Central Richmond,3918 Fulton St,6,yes,Birsinger Charlotte C Tr,531110,2
Central Richmond,385 387 21st Ave,,,Brightrich LLC,53,2
Central Richmond,5700 Geary Blvd,,,Brightrich LLC,53,2
Central Richmond,1711 Lake St,6,yes,Carl & Alcira Marshall,531110,2
Central Richmond,192 19th Ave,,,Chan Dick J & Yuet Ngor,531110,2
Central Richmond,467 20th Ave,,,Chan Dick J & Yuet Ngor,531110,2
Central Richmond,2332 Clement St # 2334,,,Chang Chen Fmly Revoc Trust,53,2
Central Richmond,332 19th Ave #334,,,Charge Partners LLC,531110,2
Central Richmond,1657 Clement St,8,yes,Chin James & Linda,531110,2
Central Richmond,1744 Clement St,,,Chou David Kai Ying,531110,2
Central Richmond,885 25th Ave,,,Connelly James D,531110,2
Central Richmond,351 19th Ave Ste 605,,,Fong Hanlon J,531110,2
Central Richmond,447 15th Ave,,,John And Trini Artal,531110,2
Central Richmond,4930 Fulton St,15,yes,Khavul Family 2000 Revocable Trust,53,2
Central Richmond,1845 Lake St,6,yes,Khavul Family 2000 Revocable Trust,53,2
Central Richmond,2029 Clement St,4,yes,Lee Chester & Doris K,531110,2
Central Richmond,1550 Clement St Apt 1,12,yes,Lee Living Trust,531110,2
Central Richmond,2139 Balboa St,,,Lee Nancy & Ho Robert,531110,2
Central Richmond,5124 Geary Blvd,,,Lee Shing K,53,2
Central Richmond,5126 Geary Blvd Apt 5128,,,Lee Shing K,53,2
Central Richmond,791 19th Ave,,,Man Lui Lai & Chan Chee Heung,531110,2
Central Richmond,1701 Balboa St,,,Mar Jew,531110,2
Central Richmond,232 17th Ave,,,Maureen Chen,531110,2
Central Richmond,355 24th Ave,,,Maureen Chen,531110,2
Central Richmond,247 19 Th Ave,,,Samuel S. Luk,531110,2
Central Richmond,5620 Geary Blvd,,,Schwarz Family Partnership IIi,53,2
Central Richmond,5630 Geary Blvd,,,Schwarz Family Partnership IIi,53,2
Central Richmond,411 15th Ave,,,Sf Jv LLC,531311,2
Central Richmond,286 17th Ave,,,Shirley Ng,53,2
Central Richmond,2229 Clement St,,,Spellman Martin A & Michael,531110,2
Central Richmond,5856 Geary Blvd,,,Spellman Martin A & Michael,531110,2
Central Richmond,2700 -2706 Anza St,,,The Baron Trust Dated June 3 2010,531110,2
Central Richmond,1949 Clement St,,,The Noni Trust,531110,2
Central Richmond,885 25th Ave,,,"Three Rivers Real Estate And Development, LLC.","53, 531110",2
Central Richmond,5636 California St,9,yes,Wong Family Trust,531110,2
Central Richmond,263 23rd Ave,,,Wong Family Trust,531110,2
Central Richmond,5521 Geary Blvd,,,Zhu Zhu Yu,"53, 531110",2
Central Richmond,5525 Geary Blvd,,,Zhu Zhu Yu,"53, 531110",2
Central Richmond,5700 California St,12,yes,5700 California Street,531110,1
Central Richmond,600 17th Ave,,,600 17th Ave LLC,531110,1
Central Richmond,6200 California St,8,yes,Allen Family Trust,531110,1
Central Richmond,6104 California St,4,yes,Arrabit Pierre,53,1
Central Richmond,279 20th Ave,,,Brian N & Breda Cassidy,531110,1
Central Richmond,6242 California St,4,yes,Chan Ted G C & Lisa S Y,531110,1
Central Richmond,2207 Cabrillo St,6,yes,Chc Partnership Lp,531110,1
Central Richmond,5616 Geary Blvd,,,Chin Henry & Louise,53,1
Central Richmond,271 20th Ave,,,Chui Karen H,531110,1
Central Richmond,5517 California St,,,"Citywide Properties, Inc.",531311,1
Central Richmond,5000 -20 Geary Blvd # 20,,,Davis Njb Sf LLC,531390,1
Central Richmond,5540 California St,6,yes,Der Albert & Connie,53,1
Central Richmond,380 20th Ave,,,Dynasty Foundation Trust,53,1
Central Richmond,5505 California St,4,yes,Ferguson Pe Chu,531110,1
Central Richmond,2936 Anza St,6,yes,Fishgold M Hurwitt L,531110,1
Central Richmond,2201 Balboa St,5,yes,Gautier Properties LLC,531110,1
Central Richmond,527 24th Ave,,,Gordon Lai,531110,1
Central Richmond,337 22nd Ave,,,Guiral Properties,531110,1
Central Richmond,354 25th Ave,,,Hsu S C,531110,1
Central Richmond,363 19th Ave,,,Hum Richard & Ann,531110,1
Central Richmond,1806 Balboa St,,,Jackson Group Property Mgt Inc,531110,1
Central Richmond,3039 Anza St,4,yes,Jeremy & Chloe Lukins,531110,1
Central Richmond,1541 Clement St,,,Jk Folsom Realty LLC,531110,1
Central Richmond,2240 Balboa St Apt 4,4,yes,Katherine S. Velazquez,53,1
Central Richmond,1345 Clement St,15,yes,Keith Goodman,531110,1
Central Richmond,2220 Cabrillo St,4,yes,Khavlil Family 2000 Revoc Tr,53,1
Central Richmond,4950 Fulton St,15,yes,Kwan Lok C,531110,1
Central Richmond,2247 Clement St,3,yes,Lana Bondar LLC,531110,1
Central Richmond,5502 California St,4,yes,Larissou John,531110,1
Central Richmond,301 18th Ave,,,Lee Emily,531311,1
Central Richmond,3421 Anza St,5,yes,Lee Jennie M,531110,1
Central Richmond,600 25th Ave,,,Leong Kirk & May,531110,1
Central Richmond,5624 California St,5,yes,Leung Steven C,531110,1
Central Richmond,1721 Clement St,5,yes,Lew Wilbur F & Shirley,531110,1
Central Richmond,1828 Clement St,6,yes,Lo Frederick Lo Amy,531110,1
Central Richmond,3021 Anza St,6,yes,Lui Kein Hoon & Lui Alice,531110,1
Central Richmond,5614 California St,4,yes,Lydia And Liping Fong,531110,1
Central Richmond,4334 Fulton St,6,yes,Mar Andy L & Velma D,531110,1
Central Richmond,261 21st Ave,,,Mar Richard & Bick,531110,1
Central Richmond,195 14th Ave,,,Michael D. Brusatori And Susan E. Brusatori Revocable Trust,531110,1
Central Richmond,5415 California St Apt,4,yes,Michael J Brady,53,1
Central Richmond,2701 Anza St,4,yes,Mirador Robert & Roland P Eta,531110,1
Central Richmond,3202 Anza St,4,yes,Neuhaus Gerhard,531110,1
Central Richmond,2045 Cabrillo St,12,yes,Neustadt E,531110,1
Central Richmond,1525 Clement St,5,yes,Ng John,531110,1
Central Richmond,2943 Anza St,4,yes,Ng Nancy/Gee Ng Shirley/Ng Jon,531110,1
Central Richmond,174 20th Ave,,,O'neil Margaret/Eggert Karen,531110,1
Central Richmond,201 20th Ave,,,Oplanic IVan,531110,1
Central Richmond,3201 Anza St,4,yes,Pham Dai C& Nguyen Jennifer P,531110,1
Central Richmond,2223 Lake St,6,yes,Polaris Prime Holding LLC,53,1
Central Richmond,5430 - 54 5488 Geary Blvd,,,Qiu Qi Hang,531110,1
Central Richmond,3111 Anza St,3,yes,Rita Tan,531110,1
Central Richmond,6033 Geary Blvd,,,Sfrealestate Enterprises,531210,1
Central Richmond,1502 Cabrillo St #8,4,yes,Smith Mahon Hilary,531110,1
Central Richmond,2115 Clement St,4,yes,Soukvilay Thao Heng,531110,1
Central Richmond,221 24th Ave,,,Susan Mitchell,531110,1
Central Richmond,374 25th Ave,,,Szeto Donald F & Susana,53,1
Central Richmond,2150 Balboa St,15,yes,The 2002 Gursky Family Trust,531311,1
Central Richmond,2800 Anza St,4,yes,Toy Laura Ng,531110,1
Central Richmond,2030 Balboa St Apt #4,4,yes,Wahong Bill Wong Bypass Trust,531110,1
Central Richmond,1900 Cabrillo St,9,yes,Wong Christopher/Wong Maurice,531110,1
Central Richmond,266 24th Ave #270,,,Wong Collin,531110,1
Central Richmond,6112 California St,8,yes,Wong Dexter,53,1
Central Richmond,2444 Anza St,4,yes,Wong Hing J & Sue K,531110,1
Central Richmond,5420 California St,4,yes,Wong Leonard,531110,1
Central Richmond,300 16th Ave,,,Woo Family Trust,531110,1
Central Richmond,4424 Fulton St,9,yes,Yale Downes,531110,1
Cole Valley,700 Ashbury St,,,Dewolf Realty Co,531110,14
Cole Valley,275 Grattan St,11,yes,"Sf Multifamily Pool 2-3 (B) Owner, LLC",531110,9
Cole Valley,21 Beulah St,30,yes,Talmage Oa Co Inc Bruenn,531110,6
Cole Valley,773 Cole St,12,yes,Talmage Oa Co Inc Bruenn,531110,6
Cole Valley,769 Cole St,4,yes,Talmage Oa Co Inc Bruenn,531110,6
Cole Valley,775 Cole St,,,Talmage Oa Co Inc Bruenn,531110,6
Cole Valley,778 Cole St,,,Talmage Oa Co Inc Bruenn,531110,6
Cole Valley,781 Cole St,,,Talmage Oa Co Inc Bruenn,531110,6
Cole Valley,1663 Waller St,5,yes,Colabianchi Sebastian F,531110,5
Cole Valley,1659 Waller St,,,Colabianchi Sebastian F,531110,5
Cole Valley,1409 Shrader St,6,yes,Khostovan Ali & Fatemah,53,5
Cole Valley,622 Shrader St #624,8,yes,Leung Eugene,531110,5
Cole Valley,624 Shrader St,,,Leung Eugene,531110,5
Cole Valley,795 Ashbury St,10,yes,"Sf Multifamily Pool 5 (C) Owner, LLC",531110,5
Cole Valley,396 -398 Frederick St,,,Govan Legacy LLC,531110,4
Cole Valley,41 - 43 Carl St,,,Govan Legacy LLC,531110,4
Cole Valley,173 Parnassus Ave,,,Woo Steven & Carmen,531110,4
Cole Valley,144 Carl St,12,yes,Joal LLC,531110,3
Cole Valley,156 Parnassus Ave,,,Kingsley Sanford,531110,3
Cole Valley,170 Parnassus Ave,,,Kingsley Sanford,531110,3
Cole Valley,85 Carl St,13,yes,Scher Daniel,531110,3
Cole Valley,642 Ashbury St,3,yes,Smithton Robert L,531110,3
Cole Valley,816 Ashbury St,9,yes,Steve & Irma Asti It LLC,531110,3
Cole Valley,825 Ashbury St,6,yes,Steve & Irma Asti It LLC,531110,3
Cole Valley,175 Clifford Ter,,,Baumann John & Baumann Bruce,531110,2
Cole Valley,240 Upper Ter,,,Baumann John & Baumann Bruce,531110,2
Cole Valley,820 Stanyan St,6,yes,Chan Bob & Leslie Y,531110,2
Cole Valley,112 Parnassus Ave,,,"Cibas Properties, LLC",531110,2
Cole Valley,1168 Stanyan St,,,Cohen Charles S Etal,531110,2
Cole Valley,925 Cole St,,,Cohen Charles S Etal,531110,2
Cole Valley,1445 Waller St,6,yes,Conway Joe & Abbott Thomas,53,2
Cole Valley,701 Shrader St #705,6,yes,Dangtran Family Trust,531110,2
Cole Valley,1709 Waller St,,,Dangtran Family Trust,531110,2
Cole Valley,1040 Cole St,6,yes,Grimes John & Linda,531110,2
Cole Valley,358 Frederick St,,,Gutfreund Family Trust & Et Al,531110,2
Cole Valley,822 Clayton St,7,yes,Hosack John & Taylor Priscilla,531110,2
Cole Valley,136 Frederick St #138,,,Hosack John & Taylor Priscilla,531110,2
Cole Valley,701 Clayton St,3,yes,Johnson Design,531110,2
Cole Valley,703 Clayton St,3,yes,Johnson Design,531110,2
Cole Valley,651 Clayton St,3,yes,Litke Edward,531110,2
Cole Valley,484 Frederick St #488,,,Litke Edward,531110,2
Cole Valley,433 Frederick St,4,yes,Lockary Joseph,531110,2
Cole Valley,746 Shrader St,4,yes,Mcauliffe Margaret T & Daniel J,531110,2
Cole Valley,36 Beulah St,,,Mcauliffe Margaret T & Daniel J,531110,2
Cole Valley,1308 Masonic St,,,Meislin Kenneth,531110,2
Cole Valley,400 Upper Ter,,,Pietro & Pietro,531110,2
Cole Valley,191 Frederick St,29,yes,"Ralston Capital Sf Multifamily IV, LLC",531110,2
Cole Valley,1585 Waller St,13,yes,"Sf Apartments Trs, LLC",531110,2
Cole Valley,859 Clayton St,,,Sophie Ng,531110,2
Cole Valley,1389 Waller St,,,Stone Tom & Francoise,531110,2
Cole Valley,700 Ashbury St,,,Stone Tom & Francoise,531110,2
Cole Valley,1280 Downey St,,,Tang Trang Et Al,531110,2
Cole Valley,1677 Haight St,5,yes,Victor Makras,531311,2
Cole Valley,101 Rivoli St,4,yes,101 Rivoli Apts,531110,1
Cole Valley,1040 Ashbury St,9,yes,"1040 Ashbury Street Owner, Lp",531311,1
Cole Valley,1436 Waller St,8,yes,1436 Waller St Apartments,531110,1
Cole Valley,225 Downey St,5,yes,225 Downey LLC,531110,1
Cole Valley,635 Clayton St,6,yes,635 Clayton St Apts,531110,1
Cole Valley,820 Ashbury St,7,yes,"820 Ashbury, LLC",531110,1
Cole Valley,142 Downey St Apt,5,yes,Anderson P Robert,531110,1
Cole Valley,1485 Waller St,21,yes,Baylin Bertrand & Dorothy L,531110,1
Cole Valley,53 Downey St,,,Blueport Properties LLC,531110,1
Cole Valley,1208 Cole St,6,yes,Bray Byron G,531110,1
Cole Valley,124 Rivoli St,4,yes,Brown Jill,53,1
Cole Valley,198 Carl St,29,yes,Cetade,53,1
Cole Valley,12 Belvedere St,,,Chan Ernest K,531110,1
Cole Valley,38 Belvedere St,8,yes,Charmed Life Properties,531110,1
Cole Valley,1126 Stanyan St,5,yes,Chen/Huang/Lee,531110,1
Cole Valley,903 Ashbury St,5,yes,Cronander Jonathan A,531110,1
Cole Valley,1426 Waller St,6,yes,Del Carlo Family Trust,531110,1
Cole Valley,109 Frederick St,4,yes,Disrud Family LLC,531110,1
Cole Valley,770 Clayton St Apt 2,4,yes,Estes Mara,53,1
Cole Valley,182 Carl St,12,yes,Fung Aaron,531110,1
Cole Valley,1053 Clayton St #B,3,yes,Gabel Michael,531311,1
Cole Valley,806 Stanyan St,,,Galassi Paul C & Susan C,531110,1
Cole Valley,728 Cole St,5,yes,Gautier Sf Comm Property LLC,531110,1
Cole Valley,867 Ashbury St,6,yes,Grant J. Ute,53,1
Cole Valley,631 Cole St,6,yes,Gregory Gary,531110,1
Cole Valley,1050 Stanyan St,15,yes,Hilm Co,531110,1
Cole Valley,795 Cole St,6,yes,Hitchcock J & Florence L Etal,531110,1
Cole Valley,137 Delmar St,,,Hope Wong,531110,1
Cole Valley,531 Belvedere St,6,yes,Howard Raymond,531110,1
Cole Valley,466 Frederick St,7,yes,Jeffrey Heuer,531110,1
Cole Valley,957 Cole St,,,John Healy,531110,1
Cole Valley,811 Ashbury,5,yes,John W Zito Living Trust,531110,1
Cole Valley,709 Clayton St,13,yes,Lee Howard M,531110,1
Cole Valley,662 Clayton St,12,yes,Liverant Alex,531110,1
Cole Valley,861 Ashbury St,4,yes,Mcclure Joanna K,531110,1
Cole Valley,128 Carl St,7,yes,Michael Kirkish And Lisa Simons,53,1
Cole Valley,1019 Cole St,6,yes,Mitchell Hugh & Mary K,53,1
Cole Valley,102 Frederick St,6,yes,Mock Pelz LLC,531110,1
Cole Valley,110 Frederick St,,,Mulberry Tree Lp,531110,1
Cole Valley,557 Belvedere St,4,yes,Ng Allen & Chow Janice,531110,1
Cole Valley,850 Stanyan St,,,Nichols Nick A,531110,1
Cole Valley,357 Upper Ter,,,Oconnor John M,531110,1
Cole Valley,610 Cole St,21,yes,Olson Family Trust 2014,531110,1
Cole Valley,1000 Ashbury St,6,yes,Patrick Buscovich,531110,1
Cole Valley,160 Beulah St,6,yes,Paul Stuart & Judith Etal,53,1
Cole Valley,180 Carl St,4,yes,Peak Investments LLC,531110,1
Cole Valley,955 Ashbury St,5,yes,Peter W. Berger Jr.,531110,1
Cole Valley,47 Delmar St,4,yes,Peterson Family Trust,531110,1
Cole Valley,824 Cole St,4,yes,Petrick John E,531110,1
Cole Valley,268 Frederick St,5,yes,Preovolos Caroline Etal,531110,1
Cole Valley,231 Frederick St,5,yes,Prieur William V & Joanne A,531110,1
Cole Valley,2 Grattan St,4,yes,Rubenstein Michael-Marcia Tr,531110,1
Cole Valley,130 Frederick St,22,yes,San Francisco Granada Apts Lp,531110,1
Cole Valley,1034 Cole St,6,yes,Serratto Louis & Beber Marion,531110,1
Cole Valley,1418 Waller St,6,yes,Shadi Rostami,531110,1
Cole Valley,821 Ashbury St,4,yes,Shain Susan,531110,1
Cole Valley,616 Shrader St,10,yes,Shea Dennis & Sharon,531110,1
Cole Valley,823 Shrader St,6,yes,Smith Thomas,531110,1
Cole Valley,1120 Shrader St,4,yes,Steve L Walkup Revocable Trust,531110,1
Cole Valley,614 Cole St,10,yes,Sunhee Moon Living Trust,531110,1
Cole Valley,1700 Waller St,4,yes,Tai Kwan Lee LLC,531110,1
Cole Valley,1131 Cole St #35,4,yes,The Dante & Mary Giosso Flp,531110,1
Cole Valley,642 Cole St,6,yes,Tracy Hamann,531110,1
Cole Valley,216 Frederick St,4,yes,Ungar John F,531110,1
Cole Valley,244 Grattan St,18,yes,United Peace LLC,531110,1
Cole Valley,122 Carl St,7,yes,Vince Rinaldi,531110,1
Cole Valley,652 Clayton St,7,yes,W&W Clayton LLC,531110,1
Cole Valley,1369 Waller St,6,yes,Waller Property Group LLC,531110,1
Cole Valley,615 Cole St,17,yes,William & Alycia Kennedy Trustees,531110,1
Cole Valley,1010 Ashbury St,6,yes,Wong Sherman N H & Shou Y,531110,1
Cole Valley,1400 Shrader St,3,yes,Yarian Bruce,531110,1
Noe Valley,630 Alvarado St,27,yes,"Sf Apartments Investor Holdings, LLC",531110,21
Noe Valley,4475 23rd St,12,yes,"Sf Apartments Investor Holdings, LLC",531110,21
Noe Valley,630 Grand View Ave,,,"Sf Apartments Investor Holdings, LLC",531110,21
Noe Valley,642 Alvarado St,34,yes,Dewolf Realty Co,531110,14
Noe Valley,1333 Castro St,,,Del Camp Investments Inc,531110,11
Noe Valley,3940 24th St,,,Del Camp Investments Inc,531110,11
Noe Valley,3972 24th St,,,Del Camp Investments Inc,531110,11
Noe Valley,578 Jersey St,,,Del Camp Investments Inc,531110,11
Noe Valley,4135 Cesar Chavez St,13,yes,Mccormick Thomas E,531110,9
Noe Valley,4601 25th St,8,yes,Mccormick Thomas E,531110,9
Noe Valley,544 27th St,8,yes,Mccormick Thomas E,531110,9
Noe Valley,524 27th St,6,yes,Mccormick Thomas E,531110,9
Noe Valley,501 Duncan St,4,yes,Mccormick Thomas E,531110,9
Noe Valley,528 27th St,,,Mccormick Thomas E,531110,9
Noe Valley,578 Jersey St,,,Del-Camp Investments Inc,531110,7
Noe Valley,1705 Church St,8,yes,T & A Drolapas & Sons L.P.,531110,7
Noe Valley,1043 Noe St #1049,4,yes,Leung Eugene,531110,5
Noe Valley,116 Vicksburg St #122,,,Leung Eugene,531110,5
Noe Valley,1347 Church St,,,W J Britton & Co,531210,5
Noe Valley,981 Elizabeth St,12,yes,Artal Family Lp,531110,4
Noe Valley,537 Duncan St,4,yes,Artal Family Lp,531110,4
Noe Valley,1351 Noe St,13,yes,F Loy Fong & Helen Fong Fam Trust,"53, 531110",4
Noe Valley,1042 Noe St #1046,7,yes,F Loy Fong & Helen Fong Fam Trust,"53, 531110",4
Noe Valley,1643 Castro St,,,F Loy Fong & Helen Fong Fam Trust,"53, 531110",4
Noe Valley,4205 24th St,6,yes,Hwang Family Living Trust,531110,4
Noe Valley,135 Clipper St,14,yes,Pritchard Robert & Avelina,53,4
Noe Valley,165 Chattanooga St,,,Pritchard Robert & Avelina,53,4
Noe Valley,1050 Sanchez St,,,Eve Bernstein Living Trust,531110,3
Noe Valley,1125 Sanchez St,4,yes,Galu Dominic Fam Trust,531110,3
Noe Valley,429 28th St,6,yes,Hahn Brit,531110,3
Noe Valley,1250 Sanchez St,,,Murphy Marguerita,531110,3
Noe Valley,202 -204 Clipper St,,,Murphy Marguerita,531110,3
Noe Valley,811 Diamond St,4,yes,Mylett Thomas & Margaret M,531110,3
Noe Valley,821 Diamond St,4,yes,Mylett Thomas & Margaret M,531110,3
Noe Valley,135 Clipper St,14,yes,Pritchard Avelina,53,3
Noe Valley,3986 23rd St,3,yes,Silverman Family Limited Partnership,531110,3
Noe Valley,3972 - 3978 23rd St,,,Silverman Family Limited Partnership,531110,3
Noe Valley,491 - 497 Alvarado St,,,Silverman Family Limited Partnership,531110,3
Noe Valley,3914 24th St,3,yes,Smithton Robert L,531110,3
Noe Valley,294 29th St,,,Appenrodt Jeff J,531210,2
Noe Valley,995 Sanchez St #997,3,yes,Asher Laura K,531210,2
Noe Valley,997 Sanchez St,,,Asher Laura K,531210,2
Noe Valley,228 Duncan St,15,yes,Bertocchini Family Trust,531110,2
Noe Valley,4199 24th St,4,yes,Bertocchini Family Trust,531110,2
Noe Valley,4120 24th St,5,yes,Betty J Droubi Lvg Trust,531110,2
Noe Valley,4155 24th St,,,Betty J Droubi Lvg Trust,531110,2
Noe Valley,3803 22nd St,,,Bodine Barbara,531110,2
Noe Valley,3912 23rd St,,,Bodine Barbara,531110,2
Noe Valley,640 Douglass St,4,yes,Carpeneti Richard,531110,2
Noe Valley,385 Valley St,4,yes,Chan Bob & Leslie Y,531110,2
Noe Valley,1174 Sanchez St,6,yes,Conway Joe & Abbott Thomas,53,2
Noe Valley,473 Elizabeth St,8,yes,Deamicis Clement D & Roseanne,531390,2
Noe Valley,300 Hill St,7,yes,Duke William & Charleen,531110,2
Noe Valley,4236 25th St,12,yes,Fukuda & Michisukk Etal,531110,2
Noe Valley,1084 Noe St #88,3,yes,Fukuda & Michisukk Etal,531110,2
Noe Valley,96 Jersey St,4,yes,Gutfreund Family Trust & Et Al,531110,2
Noe Valley,462 27th Avenue,8,yes,Harry Y And Patricia L Gee,531110,2
Noe Valley,173 Duncan St,4,yes,Hostetter Charles & Eng J E,53,2
Noe Valley,177 Duncan St,,,Hostetter Charles & Eng J E,53,2
Noe Valley,1101 Castro St,4,yes,Hunt Richard J,531110,2
Noe Valley,4089 23rd St,,,Hunt Richard J,531110,2
Noe Valley,36 Valley St,12,yes,Kardum Peter E,531110,2
Noe Valley,1000 Church St,,,Kiely Philip Q,531110,2
Noe Valley,410 Elizabeth St,5,yes,Lothar Determann,531110,2
Noe Valley,739 Elizabeth St,4,yes,Martin Winderl,53,2
Noe Valley,3721 23rd St,4,yes,Ostowari 2000 Trust,531110,2
Noe Valley,462 27th St,8,yes,Piazza Mitchelle,53,2
Noe Valley,1605 Castro St,7,yes,Robinson Charles J & Nora F,531110,2
Noe Valley,4194 24th St,,,Robinson Charles J & Nora F,531110,2
Noe Valley,3975 24th St,3,yes,Sfclt 24th St Holdings LLC,531110,2
Noe Valley,3975 -397 24th St,,,Sfclt 24th St Holdings LLC,531110,2
Noe Valley,3724 23rd St,,,Sin Betty S,531110,2
Noe Valley,349 29th St,6,yes,Trust Of Joseph P Torrano,531110,2
Noe Valley,355 29th St,6,yes,Trust Of Joseph P Torrano,531110,2
Noe Valley,119 Day St,10,yes,Vaccaro Enterprises Lp,531110,2
Noe Valley,1193 Church St,,,Victor Makras,531311,2
Noe Valley,577 27th Ave,3,yes,Wah Lew,531110,2
Noe Valley,3838 24th St,,,Yeung Cheuk Y & Kwai Kuen,531110,2
Noe Valley,1064 Dolores St,14,yes,1064 Dolores I1 Lp,531110,1
Noe Valley,901 Noe St,3,yes,160 Pierce Street LLC,53,1
Noe Valley,2 Amber Dr,10,yes,2 Amber Drive LLC,531110,1
Noe Valley,200 30th St,8,yes,200 30th Street LLC,531110,1
Noe Valley,3855 26th St,4,yes,360-362 10th Street Associates LLC,531110,1
Noe Valley,3618 22nd St,14,yes,3618 22nd St LLC,531110,1
Noe Valley,365 29th St,4,yes,365 29th LLC,531110,1
Noe Valley,3961 24th St,5,yes,3961 Twenty-Fourth Street,531110,1
Noe Valley,3986 24th St,11,yes,3986 24th Street,531110,1
Noe Valley,224 Amber Dr,,,490 Francisco Apartments,53,1
Noe Valley,550 27th St,16,yes,550 27th Street LLC,531110,1
Noe Valley,901 Noe St,3,yes,901 Noe Street LLC,53,1
Noe Valley,1234 Castro St,,,945 Larkin Apartments LLC,531110,1
Noe Valley,901 Castro St,4,yes,"Adh Properties, LLC",531110,1
Noe Valley,442 Elizabeth St,8,yes,Alioto Frank S,531110,1
Noe Valley,4288 24th St #98,13,yes,Almyra LLC,53,1
Noe Valley,3910 23rd St,6,yes,Alvin Wong,531110,1
Noe Valley,4248 23rd St,,,Arriaza Raul,531110,1
Noe Valley,416 Duncan St,8,yes,Basem Totah & Maha Totah,531110,1
Noe Valley,1398 Noe St,4,yes,Bell Clifton L,531110,1
Noe Valley,1 Vicksburg St,4,yes,Bertram John R,531110,1
Noe Valley,295 28th St,6,yes,Boultinghouse Donald N,53,1
Noe Valley,1596 Church St,6,yes,"California St. Investments, LLC",531110,1
Noe Valley,1435 Castro St,8,yes,Catherine Quigg Trustee,531110,1
Noe Valley,3983 Cesar Chavez St,4,yes,Chan Faye & Sylvia & Mavis,531110,1
Noe Valley,1140 Sanchez St,4,yes,Chan Yau-Gene,531110,1
Noe Valley,3860 26th St,6,yes,Chang Kung Yun & Elaine C,53,1
Noe Valley,1147 Sanchez,4,yes,Charlene Lee,531110,1
Noe Valley,4123 24th St,,,"Chiwi,LLC",531110,1
Noe Valley,1165 Church St,8,yes,"Church-Yen Moon Hing, LLC",531110,1
Noe Valley,43 Worth St,,,Clever Heidi Clever Alex Tr,531110,1
Noe Valley,3899 24th St,,,Compass California II Inc,531210,1
Noe Valley,5 28th St,6,yes,Cournale Curtis & Debi,531110,1
Noe Valley,3763 24th St,4,yes,Craib Richard & Sandra,531110,1
Noe Valley,201 Duncan St,9,yes,Crane R Michael,531110,1
Noe Valley,556 San Jose Ave #560,,,Cusing Mark E And Sophia S Revocable Living Trust,531110,1
Noe Valley,234 27th Ave Apt,3,yes,Cynthia Lotti,53,1
Noe Valley,1551 Dolores St,3,yes,Dare Herbert T,531110,1
Noe Valley,164 Valley St,20,yes,Delcastello Constr Co Inc,531110,1
Noe Valley,501 Douglass St,7,yes,Dissmeyer John,53,1
Noe Valley,148 29th St,5,yes,Doherty Paul,531110,1
Noe Valley,878 Dolores St,6,yes,Dolores Apartment LLC,531110,1
Noe Valley,495 Grand View Ave,,,Elliott Molly J,53,1
Noe Valley,3770 24th St,27,yes,Erpen Gustav & Betty,531110,1
Noe Valley,540 Hill St,4,yes,Evers Revocable Trust,531110,1
Noe Valley,811 Alvarado St,7,yes,Fang S Tu E Tu S Lai M,531110,1
Noe Valley,3810 24th,,,Fendersf Inc,53,1
Noe Valley,252 Chattanooga St,6,yes,Fernandez Joan Shelley,531110,1
Noe Valley,1606 Church St,5,yes,Figone Angelo P Brenner Lauren,531110,1
Noe Valley,1596 Church St,6,yes,Francisco Street Investments LLC,531110,1
Noe Valley,1400 Castro St,10,yes,Gallina Family Limited Partnership,531110,1
Noe Valley,455 29th St,4,yes,Gee Attlee And Catherine,531110,1
Noe Valley,4243 24th St,4,yes,Gee Betty Wai Chu,531110,1
Noe Valley,4000 24th St,3,yes,Gianaras John,531110,1
Noe Valley,1571 Noe St,4,yes,Giouzelis Chris M & Cathy M,531110,1
Noe Valley,1596 Church St,6,yes,Gpmsf Inc,531311,1
Noe Valley,1750 Church St,,,Haramis Peter & Maria,531110,1
Noe Valley,3879 22nd St,4,yes,Heaney Paul J & Kendall M,531110,1
Noe Valley,3901 Cesar Chavez St,4,yes,Horn Allan J,53,1
Noe Valley,3740 24th St,6,yes,Howard Edson R & Ann L,531110,1
Noe Valley,4118 24th St Apt 1,6,yes,Hsia Yu Long & Chun,531110,1
Noe Valley,157 27th St,6,yes,Huey Harry,531110,1
Noe Valley,217 Jersey St,8,yes,Hunt Brian & Hunt Sam,531110,1
Noe Valley,1596 Church St,6,yes,"Jackson Street Investments, LLC",531110,1
Noe Valley,236 30th St,4,yes,Jeanette E. Santos,531110,1
Noe Valley,1602 Church St,,,Joseph M Torrano,531110,1
Noe Valley,690 Alvarado St,7,yes,Khuri Jamil & Suad Trust Et Al,531110,1
Noe Valley,121 Jersey St,4,yes,Kokalis Nicholas G & Despina,53,1
Noe Valley,585 29th St,4,yes,Kropp Kevin L Lester Paul R,531110,1
Noe Valley,1596 Church St,6,yes,"Larkin Street Investments, LLC",531110,1
Noe Valley,1150 Sanchez St #56,4,yes,Leung Darryl C,531110,1
Noe Valley,4095 Cesar Chavez St,12,yes,Lingscheid-Bowers LLC,531110,1
Noe Valley,1310 Church St Ste 2,4,yes,Loveless Judith C,53,1
Noe Valley,996 Dolores St,6,yes,Lucchesi Romando J,531110,1
Noe Valley,143 28th St,6,yes,Martinovich Bozo A,531110,1
Noe Valley,151 28th St,4,yes,May Yee,531110,1
Noe Valley,1601 Sanchez St,4,yes,Mckeever Donovan & Lisa,531110,1
Noe Valley,29 27th St,6,yes,Mueller Philip A,53,1
Noe Valley,1316 Noe St,3,yes,Mutert Brian,531110,1
Noe Valley,4040 24th St,,,Norcal United Real Estate Partners,531210,1
Noe Valley,184 Chattanooga St,4,yes,Norton Mark,531110,1
Noe Valley,4297 23 St Bldg,,,Nurith Still,531110,1
Noe Valley,250 28th St,6,yes,Nye Jacqueline,531110,1
Noe Valley,319 Duncan St,4,yes,Oneil Glenn W & Claudette,531110,1
Noe Valley,4248 23rd St,,,Osa Associates LLC,531110,1
Noe Valley,1068 -107 Noe St,,,Owl Coast Partnership,531311,1
Noe Valley,1 Clipper St,6,yes,Pacioretty Burton J,531110,1
Noe Valley,1138 Church St,6,yes,"Palm Lane Partners, LLC.",531110,1
Noe Valley,497 29th St #499,4,yes,Paolini Furr Dobbins Trustees,531110,1
Noe Valley,192 Valley St #196,,,Plautz/Welsh 1999 Trust,531110,1
Noe Valley,1451 Guerrero St,8,yes,Pokrywka Mary L,53,1
Noe Valley,101 27th St,12,yes,Quan James L & Helen S,531110,1
Noe Valley,650 Alvarado St,27,yes,Ralston Bridge Alvarado LLC,531110,1
Noe Valley,4130 Cesar Chavez St,40,yes,Ralston Cptl Sf Multfly II LLC,531110,1
Noe Valley,140 Day St,4,yes,Rita Fontana,531110,1
Noe Valley,3745 24th Street,4,yes,Robin Heuer,531110,1
Noe Valley,158 Duncan St,6,yes,Roukes Chrissa D,531110,1
Noe Valley,3961 24th St,5,yes,"Rpk, Inc.",531210,1
Noe Valley,201 Vicksburg St,4,yes,Schlotz Jeanne L,531110,1
Noe Valley,1630 Sanchez St,6,yes,Schroff Edmund & Topkis Brian,53,1
Noe Valley,1566 Church St,4,yes,Sciarra Joseph & Rustici A,531110,1
Noe Valley,240 Chattanooga St,39,yes,Sf Noe Valley Apartment Lp,531110,1
Noe Valley,440 Valley St,4,yes,Shapiro William A,531110,1
Noe Valley,2103 Castro St Apt 5,5,yes,Shui Ha Lew,53,1
Noe Valley,2 28th St,6,yes,Siino Joe & Sandra,531110,1
Noe Valley,406 Duncan St,8,yes,So Kenneth C & Eva S,531110,1
Noe Valley,3519 21st St,3,yes,Suhasni Gopalakrishnan,531110,1
Noe Valley,1459 Dolores St,4,yes,Szeto Glenn & Karen A,531110,1
Noe Valley,301 Jersey St #3,3,yes,Taisch Real Estate Inc,531210,1
Noe Valley,4083 25th St,4,yes,Tasto Jennifer F,531110,1
Noe Valley,4220 Cesar Chavez St,38,yes,Teh-Sen Tan & Nancy P.J. Tan,531110,1
Noe Valley,112 30th St,4,yes,"The Crawford 2003 Living Trust, Daniel Crawford",531110,1
Noe Valley,1760 Church St,6,yes,The Haramis Trust,531110,1
Noe Valley,985 Church St,7,yes,The Lmp 2012 Irrevocable Trust,531110,1
Noe Valley,292 30th St,14,yes,"Theseus Group, Inc.",531210,1
Noe Valley,1450 Guerrero St,4,yes,Timothy F. Walley & Jacqueline P. Walley,531110,1
Noe Valley,579 27th Ave Apt 3,3,yes,Tom Sally,531110,1
Noe Valley,205 28th St,11,yes,Torrano Anthony & Flora,531110,1
Noe Valley,31 28th St #41,,,Tung Sur Miao,531110,1
Noe Valley,4155 Cesar Chavez St,18,yes,Viegas Donald R,531110,1
Noe Valley,1348 Dolores St Apt 5,8,yes,Villarreal Anita/Sandoval Fran,53,1
Noe Valley,3898 24th St,,,Vozaites Antonios D & Thalia,531311,1
Noe Valley,1652 Dolores St,10,yes,Walter Susor,53,1
Noe Valley,1242 Church St,3,yes,William A Sandman,531110,1
Noe Valley,572 29th St,4,yes,Wong Family Living Trust,531110,1
Noe Valley,1275 Noe St,4,yes,Yee Winifred L,531110,1
Mission,65 Liberty St,21,yes,"Sf Apartments Investor Holdings, LLC",531110,21
Mission,181 Bartlett St,12,yes,"Sf Apartments Investor Holdings, LLC",531110,21
Mission,1651 Market St,,,"Sf Apartments Investor Holdings, LLC",531110,21
Mission,3783 20th St,19,yes,Sf Owner LLC,"531110, 531311",18
Mission,500 Bartlett St,,,Sf Owner LLC,"531110, 531311",18
Mission,138 Clinton Park #140,,,Dewolf Realty Co,531110,14
Mission,1103 -111 Treat Ave,,,Castellucci Antonio,531311,13
Mission,1359 Guerrero St,,,Castellucci Antonio,531311,13
Mission,2641 -264 24th St,,,Castellucci Antonio,531311,13
Mission,2970 -297 Mission St,,,Castellucci Antonio,531311,13
Mission,3172 -317 21st St,,,Castellucci Antonio,531311,13
Mission,140 Julian Ave,,,Del Camp Investments Inc,531110,11
Mission,2351 Mission St,,,Del Camp Investments Inc,531110,11
Mission,905 Capp St,12,yes,Galu Dominic-Philip Etal Fam T,531110,10
Mission,3172 24th St,11,yes,Galu Dominic-Philip Etal Fam T,531110,10
Mission,880 Shotwell St,6,yes,Galu Dominic-Philip Etal Fam T,531110,10
Mission,1068 S Van Ness Ave,,,Galu Dominic-Philip Etal Fam T,531110,10
Mission,3174 24th St,,,Galu Dominic-Philip Etal Fam T,531110,10
Mission,3176 24th St,,,Galu Dominic-Philip Etal Fam T,531110,10
Mission,3243 24th St,,,Galu Dominic-Philip Etal Fam T,531110,10
Mission,3245 24th St,,,Galu Dominic-Philip Etal Fam T,531110,10
Mission,3247 24th St,,,Galu Dominic-Philip Etal Fam T,531110,10
Mission,3249 24th St,,,Galu Dominic-Philip Etal Fam T,531110,10
Mission,3364 22nd St,9,yes,Mccormick Thomas E,531110,9
Mission,1910 Folsom St,6,yes,Mccormick Thomas E,531110,9
Mission,1916 Folsom St,6,yes,Mccormick Thomas E,531110,9
Mission,455 14th St,6,yes,"Sf Multifamily Pool 2-3 (B) Owner, LLC",531110,9
Mission,1912 - 19 Mission St,,,"Sf Multifamily Pool 2-3 (B) Owner, LLC",531110,9
Mission,477 14th St #481,6,yes,Wai John E 1981 Lvg Trust,531110,9
Mission,1415-1417  Guerrero St,,,Wai John E 1981 Lvg Trust,531110,9
Mission,550 Guerrero St #560,,,Wai John E 1981 Lvg Trust,531110,9
Mission,396 Capp St,6,yes,Unif Inc,53,8
Mission,1074 Florida St,,,Unif Inc,53,8
Mission,308 Capp St #310,,,Unif Inc,53,8
Mission,346 Shotwell St,,,Unif Inc,53,8
Mission,3782 Cesar Chavez,,,Unif Inc,53,8
Mission,3786 Cesar Chavez,,,Unif Inc,53,8
Mission,140 Julian Ave,,,Del-Camp Investments Inc,531110,7
Mission,1341 Valencia St,32,yes,Murphy San Francisco Limited Partnership,53,7
Mission,324 Bartlett St,30,yes,Murphy San Francisco Limited Partnership,53,7
Mission,1200 Hampshire St,,,Murphy San Francisco Limited Partnership,53,7
Mission,1301 York St,,,Murphy San Francisco Limited Partnership,53,7
Mission,2887 Folsom St,,,Murphy San Francisco Limited Partnership,53,7
Mission,3380 21st St,9,yes,T & A Drolapas & Sons L.P.,531110,7
Mission,3606 18th St,4,yes,T & A Drolapas & Sons L.P.,531110,7
Mission,485 Guerrero St,,,T & A Drolapas & Sons L.P.,531110,7
Mission,598 Guerrero St,,,T & A Drolapas & Sons L.P.,531110,7
Mission,785 Valencia St,,,T & A Drolapas & Sons L.P.,531110,7
Mission,540 Capp St,40,yes,Bartholomew Murphy,53,6
Mission,201 Dolores St,20,yes,Bartholomew Murphy,53,6
Mission,2450 Bryant St,12,yes,Bartholomew Murphy,53,6
Mission,487 Fair Oaks St,8,yes,Huffman Margaret,531110,6
Mission,1876 15th St,7,yes,Huffman Margaret,531110,6
Mission,1181 Guerrero St,6,yes,Huffman Margaret,531110,6
Mission,177 Fair Oaks St,6,yes,Huffman Margaret,531110,6
Mission,1105 Guerrero St,,,Huffman Margaret,531110,6
Mission,255 Fair Oaks St,,,Huffman Margaret,531110,6
Mission,3515 25th St,10,yes,Jg Mcnamara Properties LLC,531110,5
Mission,1380 Valencia St # 1384,,,Jg Mcnamara Properties LLC,531110,5
Mission,1390 Valencia St,,,Jg Mcnamara Properties LLC,531110,5
Mission,1406 Valencia St,,,Jg Mcnamara Properties LLC,531110,5
Mission,3514 25th St,,,Jg Mcnamara Properties LLC,531110,5
Mission,527 Dolores St,6,yes,Khostovan Ali & Fatemah,53,5
Mission,1410 Guerrero St,,,Khostovan Ali & Fatemah,53,5
Mission,3116 16th St,31,yes,Levinson Family Revocable Trust,531110,5
Mission,135 Capp St,14,yes,Levinson Family Revocable Trust,531110,5
Mission,3106 16th St,,,Levinson Family Revocable Trust,531110,5
Mission,3108 16th St,,,Levinson Family Revocable Trust,531110,5
Mission,750 Guerrero St,12,yes,"Sf Multifamily Pool 5 (C) Owner, LLC",531110,5
Mission,3638 19th St,6,yes,"Sf Multifamily Pool 5 (C) Owner, LLC",531110,5
Mission,585 -587 Dolores St,,,"Sf Multifamily Pool 5 (C) Owner, LLC",531110,5
Mission,30 Guerrero St,3,yes,W J Britton & Co,531210,5
Mission,123 S Van Ness Ave,,,W J Britton & Co,531210,5
Mission,131 S Van Ness Ave,,,W J Britton & Co,531210,5
Mission,1927 Market St,,,W J Britton & Co,531210,5
Mission,1266 Valencia St,,,1270 Valencia Street LLC,53,4
Mission,1268 Valencia St,,,1270 Valencia Street LLC,53,4
Mission,1270 Valencia St,,,1270 Valencia Street LLC,53,4
Mission,1272 Valencia St,,,1270 Valencia Street LLC,53,4
Mission,755 Dolores St,7,yes,Artal Family Lp,531110,4
Mission,1487 S Van Ness Ave #1499,,,Bulkley Family Limited Partnership,531110,4
Mission,3274 26th St,,,Bulkley Family Limited Partnership,531110,4
Mission,3294 26th St,,,Bulkley Family Limited Partnership,531110,4
Mission,84 Virgil St #96,,,Bulkley Family Limited Partnership,531110,4
Mission,199 Dolores St,12,yes,David Braun,531110,4
Mission,189 Dolores St,5,yes,David Braun,531110,4
Mission,149 Julian Ave,,,David Braun,531110,4
Mission,620 Guerrero St,12,yes,F Loy Fong & Helen Fong Fam Trust,"53, 531110",4
Mission,1004 Treat Ave,,,Gaehwiler Family LLC,531110,4
Mission,3055 23rd St,,,Gaehwiler Family LLC,531110,4
Mission,1391 Natoma St #1397,5,yes,M&K Klestoff 1990 Family Trust,531110,4
Mission,1148 Guerrero St,5,yes,Margaret Huffman,531110,4
Mission,61 Alvarado St,5,yes,Margaret Huffman,531110,4
Mission,1012 Guerrero St,4,yes,Margaret Huffman,531110,4
Mission,3536 23rd St,,,Margaret Huffman,531110,4
Mission,3649 18th St,14,yes,"Oakwood Stone Apartments, Lp",531110,4
Mission,10 Oakwood St,,,"Oakwood Stone Apartments, Lp",531110,4
Mission,11 Oakwood St,,,"Oakwood Stone Apartments, Lp",531110,4
Mission,9 Oakwood St,,,"Oakwood Stone Apartments, Lp",531110,4
Mission,2261 Mission St,8,yes,Perez Miguel,531110,4
Mission,14 Liberty St,6,yes,Perez Miguel,531110,4
Mission,928 Valencia St,4,yes,Perez Miguel,531110,4
Mission,934 Valencia St #38,,,Perez Miguel,531110,4
Mission,131 Duboce Ave,,,Pritchard Robert & Avelina,53,4
Mission,595 Dolores St,,,Pritchard Robert & Avelina,53,4
Mission,3068 22nd St #84,9,yes,Varni Anthony,531110,4
Mission,1065 Dolores St #75,,,Varni Anthony,531110,4
Mission,2603 Bryant St,,,William V. Rippe,531110,4
Mission,2829 24th St,,,William V. Rippe,531110,4
Mission,2833 24th St,,,William V. Rippe,531110,4
Mission,2835 24th St,,,William V. Rippe,531110,4
Mission,3164 22nd St,20,yes,2595 Mission St LLC,53,3
Mission,2595 Mission St,,,2595 Mission St LLC,53,3
Mission,3180 22nd St # 3190,,,2595 Mission St LLC,53,3
Mission,3018 Mission St,32,yes,3018 Mission Street LLC,531110,3
Mission,3020 Mission St,,,3018 Mission Street LLC,531110,3
Mission,3024 Mission St,,,3018 Mission Street LLC,531110,3
Mission,3250 Cesar Chavez St,,,740 Valencia Street LLC,53,3
Mission,742 Valencia St,,,740 Valencia Street LLC,53,3
Mission,746 Valencia St,,,740 Valencia Street LLC,53,3
Mission,444 Potrero Ave,,,Ares Commercial Properties,531210,3
Mission,1426 Guerrero St,6,yes,Ballinree LLC,531110,3
Mission,332 Capp St,12,yes,Cano Augusto & Cano Gilda,531110,3
Mission,1463 Alabama St,4,yes,Cano Augusto & Cano Gilda,531110,3
Mission,3116 23rd St,4,yes,Cano Augusto & Cano Gilda,531110,3
Mission,2927 Folsom St,4,yes,Dolmen Property Group LLC,531311,3
Mission,320 Capp St,3,yes,Dolmen Property Group LLC,531311,3
Mission,921 Dolores St,14,yes,Eve Bernstein Living Trust,531110,3
Mission,2908 Folsom St,,,Galu Dominic Fam Trust,531110,3
Mission,3679 23rd St,,,Galu Dominic Fam Trust,531110,3
Mission,39 Pearl St,5,yes,Hahn Brit,531110,3
Mission,45 Pearl St #47,,,Hahn Brit,531110,3
Mission,391 Valencia St,40,yes,Hdnpc Administration,53,3
Mission,70 Woodward St,3,yes,Hdnpc Administration,53,3
Mission,504 Valencia St,,,Hdnpc Administration,53,3
Mission,3012 -302 16th St,,,Jolish Limited Partnership,53,3
Mission,3030 16th St,,,Jolish Limited Partnership,53,3
Mission,83 Wiese St,,,Jolish Limited Partnership,53,3
Mission,3401 20th St #11,6,yes,Kong Helen,53,3
Mission,2810 25th St,3,yes,Kong Helen,53,3
Mission,2700 23rd St,,,Kong Helen,53,3
Mission,156 Lexington St #158a,4,yes,Lau Hor Cheung & Mak Chui Yung,531110,3
Mission,177 Lexington St,4,yes,Lau Hor Cheung & Mak Chui Yung,531110,3
Mission,57 Mccoppin St #61a,,,Lau Hor Cheung & Mak Chui Yung,531110,3
Mission,2230 Mission St #1-20,20,yes,Lee Living Trust The,531110,3
Mission,438 Guerrero St,12,yes,Mckendrick Randon,531110,3
Mission,3257 16th St,8,yes,Mckendrick Randon,531110,3
Mission,3255 16th St,,,Mckendrick Randon,531110,3
Mission,3465 25th St,27,yes,Murphy Marguerita,531110,3
Mission,410 Bartlett St,22,yes,Mylett Thomas & Margaret M,531110,3
Mission,981 A Valencia St # 981a,,,Nasser Raouf Adham & Et Al,531110,3
Mission,983 Valencia St,,,Nasser Raouf Adham & Et Al,531110,3
Mission,985 Valencia St,,,Nasser Raouf Adham & Et Al,531110,3
Mission,131 -135 Duboce Ave,,,Pritchard Avelina,53,3
Mission,595 Dolores St,,,Pritchard Avelina,53,3
Mission,147 Lexington St #151,6,yes,S Lew Family LLC,531110,3
Mission,2615 24th St,6,yes,S Lew Family LLC,531110,3
Mission,136 Guerrero St,12,yes,Sainez Remberto,531110,3
Mission,2461 Bryant St,4,yes,Sainez Remberto,531110,3
Mission,387 S Van Ness Ave,,,Sainez Remberto,531110,3
Mission,1807 Market St,4,yes,Scholten Etal,531110,3
Mission,1795 Market St,,,Scholten Etal,531110,3
Mission,1801 Market St,,,Scholten Etal,531110,3
Mission,2843 Mission St Apt A &,4,yes,Shing Pin Sun & Kwei Fung Sun Family LLC,531110,3
Mission,2849 -B Mission St,,,Shing Pin Sun & Kwei Fung Sun Family LLC,531110,3
Mission,2849 Mission St Apt A &,,,Shing Pin Sun & Kwei Fung Sun Family LLC,531110,3
Mission,3050 22nd St,6,yes,Smithton Robert L,531110,3
Mission,801 Guerrero,,,Steve & Irma Asti It LLC,531110,3
Mission,1438 S Van Ness Ave,,,Whelan/Macsweeny/Johnston Etal,531110,3
Mission,183 Fair Oaks St,,,Whelan/Macsweeny/Johnston Etal,531110,3
Mission,3634 23rd St,,,Whelan/Macsweeny/Johnston Etal,531110,3
Mission,107 Kissling St #119,6,yes,11th & Kissling Street Trust,531110,2
Mission,238 11th St #254,,,11th & Kissling Street Trust,531110,2
Mission,2637 -264 Mission St # 2645,,,1325 18th Street LLC,531110,2
Mission,2641 Mission St,,,1325 18th Street LLC,531110,2
Mission,15 Guerrero St,7,yes,15-21 Guerrero Street Associates Lp,531110,2
Mission,21 Guerrero St,7,yes,15-21 Guerrero Street Associates Lp,531110,2
Mission,1990 Folsom St,,,"1990 Folsom Housing Associates, Lp",531110,2
Mission,2828 16th St,,,"1990 Folsom Housing Associates, Lp",531110,2
Mission,2201 Bryant St,4,yes,2841 20th Street LLC,531110,2
Mission,2841 20th St,,,2841 20th Street LLC,531110,2
Mission,1018 Guerrero St,,,2mmproperty LLC,53,2
Mission,2190 Folsom St,,,2mmproperty LLC,53,2
Mission,1048 Valencia St,,,3049 24th St LLC,531110,2
Mission,3049 24th St,,,3049 24th St LLC,531110,2
Mission,793 S Van Ness Ave,,,799 Svn LLC,531110,2
Mission,799 South Van Ness Ave,,,799 Svn LLC,531110,2
Mission,292 14th St,9,yes,"A Star Holdings, LLC",531110,2
Mission,1717 Mission St,,,"A Star Holdings, LLC",531110,2
Mission,105 Bartlett St # 1,8,yes,Angelicola Anthony F,531110,2
Mission,105-109 Bartlett St 201-204,,,Angelicola Anthony F,531110,2
Mission,2450 Mission St,,,Appenrodt Jeff J,531210,2
Mission,204 Valencia St Apt 6,7,yes,April Financial Inc,531210,2
Mission,206 Valencia St,,,April Financial Inc,531210,2
Mission,285 San Jose Ave,,,Aren Solange,531110,2
Mission,446 Bartlett St,,,Aren Solange,531110,2
Mission,3414 25th Street,20,yes,Azar Equities LLC,531110,2
Mission,2884 Mission St,,,Azar Equities LLC,531110,2
Mission,553 Valencia St,,,Barasch Herbert,531110,2
Mission,569 573 Valencia St,,,Barasch Herbert,531110,2
Mission,3475 18th St,5,yes,Bay Community Housing L.P.,531110,2
Mission,3444 18th St,,,Bay Community Housing L.P.,531110,2
Mission,3160 21st St,,,Bethany Center Senior Housing,531110,2
Mission,580 Capp St,,,Bethany Center Senior Housing,531110,2
Mission,2700 Folsom St,26,yes,Blanding James,531210,2
Mission,2973 Folsom St,20,yes,Blanding James,531210,2
Mission,1218 Valencia St,,,Britton John F,531210,2
Mission,440 Valencia St,17,yes,Caritas Management Corp,531311,2
Mission,1358 Valencia St,,,Caritas Management Corp,531311,2
Mission,65 Oakwood St,4,yes,Charge Partners LLC,531110,2
Mission,3238 16th St,4,yes,Cheng Annie W,531110,2
Mission,3234 16th St,,,Cheng Annie W,531110,2
Mission,3000 24th St #3010,24,yes,Cheung Wing & Cheung Sioe,531110,2
Mission,180 San Carlos St #190,9,yes,Cheung Wing & Cheung Sioe,531110,2
Mission,201 Dolores St,20,yes,Chiu Andrew & Allan & Alfred,531110,2
Mission,1468 Valencia St #70,5,yes,Chou David Kai Ying,531110,2
Mission,524 Guerrero St,30,yes,Connelly James D,531110,2
Mission,138 Clinton Park,,,Cooper Pugeda Management Inc,531110,2
Mission,65 Mccoppin St,,,Cooper Pugeda Management Inc,531110,2
Mission,58 Alvarado St,3,yes,Croft Greti,531110,2
Mission,76 Albion St,,,Croft Greti,531110,2
Mission,3282 22nd St,,,Cutler Properties LLC,53,2
Mission,3296 22nd St,,,Cutler Properties LLC,53,2
Mission,1133 Dolores St,16,yes,Duke William & Charleen,531110,2
Mission,2824 24th St # 26,,,Evelyn D. Fong,531110,2
Mission,2836 24th St # 38,,,Evelyn D. Fong,531110,2
Mission,577 Valencia St,,,G.A.M.E. Development LLC,531110,2
Mission,581 Valencia St,,,G.A.M.E. Development LLC,531110,2
Mission,3359 22nd St,4,yes,Gagliardi Frank,53,2
Mission,506 Shotwell St,4,yes,Gagliardi Frank,53,2
Mission,77 Ramona Ave,,,Getchell Marlene Pappas James,531110,2
Mission,77 Ramona Ave Garage,,,Getchell Marlene Pappas James,531110,2
Mission,2852 Mission St,4,yes,Gjoni Gjon M,531110,2
Mission,2854 Mission St,,,Gjoni Gjon M,531110,2
Mission,36 Oakwood St,8,yes,Guzman Carmen,531110,2
Mission,835 Treat Ave,,,Guzman Carmen,531110,2
Mission,2901 -290 Mission St Apt,,,Hanhan3llc,53,2
Mission,2990 Mission St,,,Hanhan3llc,53,2
Mission,3376 18th St,,,Ho Teresa,531110,2
Mission,3378 18th St,,,Ho Teresa,531110,2
Mission,2970 -297 Mission St,,,Home Realty,531311,2
Mission,3223 17th St,8,yes,Jeng T Ruth,531110,2
Mission,401 Capp St,,,Jeng T Ruth,531110,2
Mission,389 Guerrero St,10,yes,Jesamine Mak,531110,2
Mission,85 14th St,6,yes,Jesamine Mak,531110,2
Mission,1352 Vermont St,,,Kardum Peter E,531110,2
Mission,3267 25th St,4,yes,Karpman Stephen,531110,2
Mission,211 12th St,,,Kinextus LLC,531210,2
Mission,211 12th St Ground,,,Kinextus LLC,531210,2
Mission,2990 Mission St Bldg 299,,,Koury Samir,531110,2
Mission,3552 23rd St,,,Koury Samir,531110,2
Mission,2577 Mission St,,,Kv Lee Properties LLC,53,2
Mission,2581 Mission St,,,Kv Lee Properties LLC,53,2
Mission,851 Guerrero St,14,yes,Lapidos Jack M,531110,2
Mission,3573 20th St,,,Lee John & Et Al,531110,2
Mission,2735 Mission St,26,yes,Link Kurt,531390,2
Mission,840 Treat Ave,,,Lothar Determann,531110,2
Mission,115 Duboce Ave,,,Louie Kelvin G & Genevieve,53,2
Mission,1438 S Van Ness Ave,,,Macsweeney S/Callagher S/Et Al,531110,2
Mission,936 S Van Ness Ave,,,Macsweeney S/Callagher S/Et Al,531110,2
Mission,3007 20th St,3,yes,Man Lui Lai & Chan Chee Heung,531110,2
Mission,1 Brady St,,,"Market Street 1629 Ventures, Lp",531110,2
Mission,1629 Market St,,,"Market Street 1629 Ventures, Lp",531110,2
Mission,3518 19th St,5,yes,Martin Winderl,53,2
Mission,3440 25th St,,,Martorana Anthony J & Clara,53,2
Mission,385 Bartlett St,,,Martorana Anthony J & Clara,53,2
Mission,200 Guerrero St,,,Meridian Management Group,531110,2
Mission,1202 Hampshire St,14,yes,Murphy Denis & Catherine,53,2
Mission,1355 Valencia St,7,yes,Murphy Denis & Catherine,53,2
Mission,29 Lapidge St,7,yes,Ostowari 2000 Trust,531110,2
Mission,137 Duboce Ave,,,Padilla Robert J & Nancy,531110,2
Mission,499 Dolores St,,,Padilla Robert J & Nancy,531110,2
Mission,15 Dolores St,4,yes,Piazza Mitchelle,53,2
Mission,3257 16th St,8,yes,Randon Mckendrick,"531110, 531311",2
Mission,3255 16th St,,,Randon Mckendrick,"531110, 531311",2
Mission,600 Shotwell St,3,yes,Robert Kirsten Inc,531210,2
Mission,1032 Alabama St,,,Robert Kirsten Inc,531210,2
Mission,1119 Dolores St,4,yes,Robert Sexton,531110,2
Mission,1125 Dolores St,4,yes,Robert Sexton,531110,2
Mission,183 Duboce Ave #185,,,Ruan Nevin Xiao De,531110,2
Mission,316 Valencia St,38,yes,Rupert Pupkin Properties,531110,2
Mission,1151 -61 South Van Ness,,,Rupert Pupkin Properties,531110,2
Mission,639 Capp St,6,yes,Sainz Jose,531110,2
Mission,225 San Jose Ave,,,Sainz Jose,531110,2
Mission,3001 22nd St,,,Sams Management Company Lp,531110,2
Mission,16 Guerrero St,,,Sf Multifamily IV Property Owner LLC,531110,2
Mission,22 Guerrero St,,,Sf Multifamily IV Property Owner LLC,531110,2
Mission,3235 16th St # 3237,6,yes,Sfclt 16th St. Holdings LLC,531110,2
Mission,3237 16th St,,,Sfclt 16th St. Holdings LLC,531110,2
Mission,31 Elgin Park,,,Silver Carol Ruth,531110,2
Mission,68 Ramona Ave,,,Silver Carol Ruth,531110,2
Mission,60 Sycamore St,8,yes,"Simmonite, Kevin & Maria",531110,2
Mission,1022 Shotwell St,,,"Simmonite, Kevin & Maria",531110,2
Mission,2246 Mission St,,,Sin Betty S,531110,2
Mission,45 Brosnan St,12,yes,Talmage Oliver A.,531110,2
Mission,2965 Mission St St,,,"Upper Management, LLC",531110,2
Mission,2967 Mission St,,,"Upper Management, LLC",531110,2
Mission,1135 Guerrero St,6,yes,Urbano Ezquerro,"531210, 531311",2
Mission,29 Ramona Ave,,,Vaccaro Enterprises Lp,531110,2
Mission,3605 20th St,24,yes,Vic Strategic Multifamily Partners Lp,531110,2
Mission,2385 Folsom St,16,yes,Vic Strategic Multifamily Partners Lp,531110,2
Mission,207 Valencia St,14,yes,Wah Lew,531110,2
Mission,215 14th St,,,Yeung Cheuk Y & Kwai Kuen,531110,2
Mission,1869 Market St,4,yes,Zanello Arthur,531110,2
Mission,1871 Market St,,,Zanello Arthur,531110,2
Mission,2438 Mission St,5,yes,Ze Tai LLC,531110,2
Mission,2434 Mission St,,,Ze Tai LLC,531110,2
Mission,1028 Guerrero St,11,yes,1028 Guerrero Street LLC,531110,1
Mission,1043 Valencia St,5,yes,1043 Valencia St LLC,531110,1
Mission,104 Guerrero St,10,yes,"114 Guerrero Street, LLC",531110,1
Mission,1188 Valencia St,,,1188 Valencia Owners Association,531311,1
Mission,1355 Valencia St,7,yes,1355 Valencia St,53,1
Mission,155 Bartlett St,17,yes,"155 Bartlett, Lp",531110,1
Mission,160 Liberty St,6,yes,"160 Liberty, LLC",53,1
Mission,1869 Market St,4,yes,1620 Leavenworth Street LLC,531110,1
Mission,1731 15th St,27,yes,1731 15th Street II LLC,531110,1
Mission,179 Dolores St,10,yes,179 Dolores Street LLC,531110,1
Mission,2023 Folsom St,12,yes,2023 Folsom I1 Lp,531110,1
Mission,2060 Folsom St,,,"2060 Folsom Housing, L.P.",531110,1
Mission,1869 Market St,4,yes,2090 Grove Street LLC,531110,1
Mission,1869 Market St,4,yes,2130-2140 Fell Street LLC,531110,1
Mission,2921 20th St #,3,yes,2200 Bryant Street Holdings LLC,531110,1
Mission,2211 Mission St,2,yes,"2211 Mission Street, LLC",531110,1
Mission,2265 Mission St,18,yes,2265 Mission Street Properties Inc,531110,1
Mission,2270 Bryant St,6,yes,2270 Bryant LLC,531390,1
Mission,2856 23rd St,6,yes,23rd Austin Post LLC,531110,1
Mission,1875 Mission St Ste 103,39,yes,2stonel LLC,531110,1
Mission,3045 Mission St,5,yes,3045 Mission Street LLC,531110,1
Mission,3134 24th St,4,yes,3134 24th St LLC,531110,1
Mission,3338 17th St,20,yes,"3338 17th Street Owner, LLC",531110,1
Mission,3431 19th St # A,4,yes,"3416 19th Street Investors, LLC",53,1
Mission,3440 20th St,39,yes,"3440 20th I1, Lp",531110,1
Mission,3484 18th St,7,yes,3484 18th St,531110,1
Mission,3485 21st St,7,yes,3485 21st Street LLC,531110,1
Mission,3525 17th St,16,yes,3525 17th Street Partners LLC,531110,1
Mission,3579 19th St,7,yes,"3579 19th Street, LLC.",531110,1
Mission,39 Fair Oaks Rd Apt 17,17,yes,39 Fair Oaks Associates Lp,531110,1
Mission,420 14th St,12,yes,"420 14th Partners, Lp",531110,1
Mission,530 14th St,12,yes,530 14th Street LLC,531110,1
Mission,606 Capp St,20,yes,"606 Capp Street Apartments, LLC",531110,1
Mission,625 Guerrero St,13,yes,"625 Guerrero Street, LLC",531110,1
Mission,681 Florida St,,,"681 Florida Housing Associates, Lp",531110,1
Mission,1818 15th St,6,yes,690 Monterey Partners LLC,531110,1
Mission,1591 Howard St,,,710 Sf Inc,531210,1
Mission,72 Pearl St #,5,yes,"72-78 Pearl St, LLC",531110,1
Mission,720 York St Ste 115,20,yes,720 York #115 LLC,531110,1
Mission,736 Valencia St,8,yes,736 Valencia Street LLC,53,1
Mission,1875 Mission St Apt 103,39,yes,774 9th Ave. LLC,531110,1
Mission,780 Guerrero St,14,yes,780 Guerrero San Francisco Ca 2020 LLC,531110,1
Mission,811 Valencia St,19,yes,"811 Valencia, LLC",531110,1
Mission,857 Valencia St,4,yes,855 Valencia LLC,531110,1
Mission,940 Guerrero St,21,yes,940 Guerrero LLC,531110,1
Mission,87 Virgil St,4,yes,Aabl Partners,53,1
Mission,876 Valencia St,4,yes,Abay Tsigeweine/Mekonnen Tesfa,531110,1
Mission,307 Guerrero St,8,yes,Agelopoulos John/Mike/Steve,531110,1
Mission,611 Guerrero St,20,yes,Albert L Garrigues,531110,1
Mission,2684 Bryant St,4,yes,Amparo Vigil,531110,1
Mission,3033 24th St,6,yes,Andre Ferrigno,531110,1
Mission,421 14th St,3,yes,Anh-Minh Leu,531110,1
Mission,3700 20th St,25,yes,Anstedt Theodore R Jr,531110,1
Mission,1760 Mission St,8,yes,Ao Realty Corp,531311,1
Mission,1864 15th St,,,Artal John Artal Trini,531110,1
Mission,3416 26th St,12,yes,Arvedi Patricia A,53,1
Mission,101 Shotwell St,14,yes,Azadian Vivien,531110,1
Mission,259 Dolores St,12,yes,Bagatelos Michael A,53,1
Mission,3352 18th St,8,yes,Banayat Family LLC,531390,1
Mission,122 Albion St,6,yes,Barbaccia Joseph C & Clara L,53,1
Mission,3521 18th St,10,yes,Barragan Menardo,53,1
Mission,1427 Valencia St,,,Ben Coleman Re & Dev Inc,53,1
Mission,3620 26th St,4,yes,Bergen Julie/Miller Margo,531110,1
Mission,3138 Kamille Ct,39,yes,"Bernal Homes, L.P.",531110,1
Mission,233 Dolores St,9,yes,Berthoud Claude & Johanna,531110,1
Mission,559 Shotwell St,,,Bingham Edward And Merylee Smithbingham,531110,1
Mission,456 14th St,9,yes,"Blackbird Real Estate, LLC",531110,1
Mission,3178 17th St Ste 3,3,yes,Blackwell Properties LLC,531390,1
Mission,177 14th St,,,Boschetti Giampaolo,531110,1
Mission,1170 Guerrero St,27,yes,Bozzini George J,531110,1
Mission,21 Lapidge St,6,yes,Bracht Albert & King Shannon,531110,1
Mission,3531 24th St,3,yes,Bravo Antonio & Consuelo,531110,1
Mission,33 Pearl St,6,yes,Brian Topkis,53,1
Mission,2501 Bryant St,14,yes,Bryant Courtyards LLC,531110,1
Mission,2230 Bryant St,24,yes,Bryant Terrace LLC,531110,1
Mission,215 Guerrero St,6,yes,Btp Acquisition I LLC,531110,1
Mission,1055 Dolores St,6,yes,Bumgarner Jon,531110,1
Mission,720 York St Ste 106,20,yes,C-H Schmidt Family LLC Etal,531110,1
Mission,865 Florida St,4,yes,Cadgene Allan H,531110,1
Mission,711 Guerrero St #715,6,yes,California Lyon Co LLC,531110,1
Mission,3740 25th St Apt 601,38,yes,Capri Tower Apartments,531110,1
Mission,467 Guerrero St,6,yes,Cara Properties LLC,531110,1
Mission,1523 15th St,7,yes,Casey Stein Trust,"53, 531110",1
Mission,3578 18th St,6,yes,Castillo Eduardo L & Josefa D,53,1
Mission,125 Guerrero St,7,yes,Castillo Solon & Gladys D,531110,1
Mission,320 Guerrero St,6,yes,Castleman Michael Z,531110,1
Mission,2 Fair Oaks St Apt 3,4,yes,Cedric Westphal,531110,1
Mission,969 Valencia St #975,12,yes,Ceg Valencia Lp,531110,1
Mission,858 Florida St,,,Chad Mitchell Associates Inc,531210,1
Mission,133 Dolores St,4,yes,Chan Albert S & Chan Betty W,531110,1
Mission,2471 Mission St Apt B,,,Chancellor Young Ryu,531110,1
Mission,2315 Mission St,14,yes,Chiang Robert,531110,1
Mission,1769 Folsom St,,,Ching Fe T,53,1
Mission,69 Pearl St,9,yes,Christopher Price,531110,1
Mission,114 San Jose Ave,,,Chu Paul T-F,531110,1
Mission,2104 Folsom St,6,yes,Chukreeff Boris/Serena J & L,531110,1
Mission,148 12th St 225,,,Cityview Storage LLC,531110,1
Mission,824 Valencia St,5,yes,Colbert Dare,53,1
Mission,519 Guerrero St,11,yes,Connolly Patrick & Mary,531110,1
Mission,899 Capp St,9,yes,Cornell Kathleen M,531110,1
Mission,3520 23rd St,7,yes,Cottrell-Lawrence Colleen B,53,1
Mission,36 Fair Oaks St,6,yes,Crizer Family Trust 1999,53,1
Mission,134 Duboce Ave,,,Cusing Mark And Sophia S Revocable Living Trust,531110,1
Mission,39 Sycamore St,4,yes,Daniel Regalado & Julia,531110,1
Mission,2839 Mission St,6,yes,David And Martha Valle,531110,1
Mission,123 Liberty St,4,yes,David Martel Trust,531110,1
Mission,2841 Harrison St,,,David Parker Properties LLC,531110,1
Mission,720 York St Unit 210,20,yes,David Steele,531390,1
Mission,1522 Howard St,7,yes,David Zouzounis,531110,1
Mission,3426 19th St # A,6,yes,Dean Hosting,53,1
Mission,263 Clinton Park,,,Dearman John,531110,1
Mission,1349 Dolores St,5,yes,Del Monte Mary Et Al,531110,1
Mission,281 14th St,18,yes,Dl Gok LLC,531110,1
Mission,1077 Dolores St,4,yes,Dolores House LLC,531110,1
Mission,3673 19th St # 3675,,,"Dolores Terrace, LLC",531110,1
Mission,460 14th St,10,yes,Donald Woo No. 3 Family Lp,531110,1
Mission,2700 24th St,5,yes,Douglas Wong,53,1
Mission,25 Hoff St,12,yes,Drg Shilufsky LLC,531110,1
Mission,1287 Alabama St,5,yes,Drogitis Joanna,531110,1
Mission,250 Guerrero St,6,yes,Dudum Norman,531110,1
Mission,171 Guerrero St,5,yes,Dudum Richard,531110,1
Mission,25 Elgin Park,,,Dudum Ronald A,531110,1
Mission,3560 24th St,6,yes,Dugoni Patricia J,531110,1
Mission,779 Guerrero St,6,yes,Dunn Morton & Marilyn,53,1
Mission,3466 21st St,,,Duo Street Partners,531311,1
Mission,2847 Folsom St,6,yes,Ealing LLC,531110,1
Mission,161 Lexington St,5,yes,Edward-May-Kam-C-Fook K,531110,1
Mission,19 Cumberland St,4,yes,Edwards Steven A R,531110,1
Mission,473 Fourteenth St,,,Elizabeth Cabrera,531110,1
Mission,1240 S Van Ness Ave,,,En Tien Nguyen,531110,1
Mission,155 Fair Oaks St #159,5,yes,Esquivel-Tanchico Clarina M,531110,1
Mission,183 Lexington St #185a,4,yes,Exon Dan,531110,1
Mission,1845 Market St #51,6,yes,Ezquerro Urbano,531311,1
Mission,2455 Harrison St,,,Fahman Properties LLC,53,1
Mission,410 Fair Oaks St,8,yes,Fair Oaks Lp,531110,1
Mission,3538 18th St,16,yes,Farver Jan S,531110,1
Mission,3162 16th St # 3166,,,Fb Global Properties,531110,1
Mission,1917 Mission St,10,yes,Felm Trust,531110,1
Mission,306 Fair Oaks St,9,yes,Fernandez Dolores,531110,1
Mission,435 Utah St,4,yes,Ferrari Investment Co,531110,1
Mission,177 Capp St,15,yes,Figueroa Rafael,531110,1
Mission,1215 Alabama St,,,Fishman Family Trust,531110,1
Mission,465 14th Ave,3,yes,Fontana Investors,531110,1
Mission,941 Dolores St,5,yes,Fratini Alberto,531110,1
Mission,2426 Bryant St,5,yes,Fu-Sheng Fred & Anita J Chang Trust,531110,1
Mission,12 Oakwood St,6,yes,Fung Mary & William & Cheryl,531110,1
Mission,2865 25th St,4,yes,Funghi Luciano & Luisa,531110,1
Mission,109 Lexington St,4,yes,Gabriel Hauser,531110,1
Mission,3530 18th St,8,yes,Galu Philip A Family Trust,531110,1
Mission,3562 17th St,5,yes,Garcia John,531110,1
Mission,80 Hill St,4,yes,Garcia Yolanda La Rocca Alice,531110,1
Mission,1391 Guerrero St #93,5,yes,Garis Mary,531110,1
Mission,3435 18th St,12,yes,"Gbp 3435 18th Owner, LLC",531110,1
Mission,3440 24th St,13,yes,"Gbp 3440 24th Owner, LLC",531110,1
Mission,19 Pearl St,12,yes,Geneson Silas,531110,1
Mission,1386 Guerrero St,4,yes,Gennaro Nicholas J Carole A,531110,1
Mission,1286 Guerrero St,7,yes,Giampaolo Boschetti,531110,1
Mission,882 Florida St,4,yes,Gill Robert J & Jennie,531110,1
Mission,501 Guerrero St,8,yes,Gomez Manuel & Betty,531110,1
Mission,173 Dolores St,5,yes,Grieco Family Trust,531110,1
Mission,594 Valencia St,21,yes,Guerrero Espinoza,531110,1
Mission,97 Lafayette St,6,yes,H & W Hwang Investment Co Inc,531110,1
Mission,2600 Harrison St,19,yes,H22 LLC,531110,1
Mission,140 Linda St,6,yes,Hammond Pond Parkway LLC,531110,1
Mission,2370 Mission St,14,yes,He LLC,531110,1
Mission,230 11th St,15,yes,Hedden William H,531110,1
Mission,27 Lexington St,4,yes,Helen Mar Chin Revoc Trust,531110,1
Mission,3644 19th St,4,yes,Hickey Maureen Tte Fr Hickey F,53,1
Mission,1371 Minna St,9,yes,"Hill Family Trust, Dated August 26, 2022",531110,1
Mission,18 Otis St,,,Hms Otis LLC,531110,1
Mission,135 Valencia St Apt A202,35,yes,Ho Wendy,531390,1
Mission,"3361, 3361a, 3363 21st St",,,Hoffman Harlan I,531110,1
Mission,1149 Capp St,5,yes,Horace Liu,531110,1
Mission,1455 15th St,6,yes,Huang Shu Ping/Zhao Bo Hui,531110,1
Mission,536-538 Valencia St,,,Huey Agnes M,531110,1
Mission,1649 15th St,4,yes,Hunter Todd,531110,1
Mission,744 Guerrero St,12,yes,Inp Corporation,53,1
Mission,1760 Mission St,8,yes,Ism Management Company LLC,531110,1
Mission,2700 Mission St,8,yes,J & N Int'l Enterprises LLC,531110,1
Mission,3428 19th St,,,Jack Lee Fong & Dorothy Der Fong Fam Tr Dated 6/28/1991,53,1
Mission,3312 -331 17th Street St,,,John Muhawieh,531110,1
Mission,1019 Hampshire St,4,yes,Joseph Matt Brajkovich,53,1
Mission,978 Valencia St,18,yes,Juan J. San Mames,531110,1
Mission,2501 Harrison St Ste 16,15,yes,Juniper Capital Management,531110,1
Mission,576 Guerrero St,12,yes,Kathy Marinos,531110,1
Mission,1001 Hampshire St,12,yes,Kavanagh Michael,531110,1
Mission,3648 26th St,4,yes,Kjolby Angela A,531390,1
Mission,3655 20th St #57,5,yes,Knowles John/Daphne/Gregory,531110,1
Mission,105 Cypress St,,,Kong Siuling,531110,1
Mission,53 57 Pearl St,,,Koo Ronald B,531110,1
Mission,3222 16th St #B,6,yes,Krajci Milan,531110,1
Mission,48 Dorland St,4,yes,Kramer Gideon,531110,1
Mission,215 14th St,,,Kwai Kuen Yeung,531110,1
Mission,276 Lexington St,4,yes,Le Paul T & Mai T,531110,1
Mission,9 Lexington St,4,yes,Le Paul T Etal,531110,1
Mission,3666 20th St,5,yes,Lee Aik,53,1
Mission,980 990 Florida St,,,Lee Family Trust,531110,1
Mission,185 Hampshire St,4,yes,Lee Heman Lee Lena,531110,1
Mission,562 Guerrero St,6,yes,Lee Henry Etal,531110,1
Mission,2687 Mission St,,,Lee On Dong Assn,53,1
Mission,1176 York St,4,yes,Leona T Fong Etal,531110,1
Mission,319 Capp St #323,7,yes,Leung Shuk Ching,531110,1
Mission,3605 18th St,4,yes,Lew Howard,531110,1
Mission,207 Valencia St,14,yes,Lew Wl Lew H Lew Cw & Lew Jo,531110,1
Mission,3256 21 St,,,"Lexington Street, LLC",531110,1
Mission,3465 21st St,,,Liberty Street Partners,531311,1
Mission,2600 Bryant St,4,yes,Lily Ng Wai,531110,1
Mission,346 San Carlos St Apt,4,yes,Lira Andrea Marie,531110,1
Mission,230 Lexington St,9,yes,Liverant Dina M,531110,1
Mission,520 Bartlett St Apt,5,yes,Lobo Bartlett LLC,531110,1
Mission,2575 Mission St,,,Luna Leticia,53,1
Mission,41 Hill St,4,yes,Lydon Patrick J,531110,1
Mission,3428 22nd St,4,yes,Lynn Schwarzhoff,531110,1
Mission,2541 Folsom St,8,yes,M & E Properties,531110,1
Mission,451 Bartlett St,7,yes,Macdonald Philip A,531110,1
Mission,3198 16th St,,,Mak Dick & Jesamine,531110,1
Mission,2625 Harrison St,7,yes,Malo Alfredo & Sonia,53,1
Mission,898 Guerrero St,8,yes,Malta Joseph J & Elena I,531110,1
Mission,365 Guerrero St,4,yes,Marchi-Moore Family Trust,53,1
Mission,3090 16th St,20,yes,Maria Alicia Associates,53,1
Mission,2648 Bryant St,3,yes,Marik Richard E,53,1
Mission,3487 21st St,6,yes,Maron Robert J,531110,1
Mission,1359 Minna St,3,yes,Martin Slattery,531110,1
Mission,1404 Florida St,4,yes,Martinez Eddy A,531210,1
Mission,135 Albion,6,yes,Mbsf Holdings LLC/135-139 Albion,531110,1
Mission,1201 Dolores St,8,yes,Mckeever Properties A California General Partnership,531110,1
Mission,30 Elizabeth St,4,yes,Meenaghan James,531110,1
Mission,3251 16th St,9,yes,Meier John & Christina,531110,1
Mission,778 Shotwell St,6,yes,Mesita Spano & Ayoob,531110,1
Mission,3435 24th St,18,yes,Meyer Gloria M,531110,1
Mission,261 Dolores St # 265a,3,yes,Mfr Apartments LLC,531110,1
Mission,474 Valencia St Ste 280,,,"Mhdc South Park Properties, L.P.",53,1
Mission,1101 Capp St,10,yes,Michael & Elizabeth Brosnan 2015 Tr,531110,1
Mission,2834 Mission St,13,yes,Mission Bart Apartments LLC,531110,1
Mission,474 Valencia St Ste 280,,,Mission Housing Dev Corp,531110,1
Mission,1863 Mission St,37,yes,Mission IIi LLC,531110,1
Mission,1150 Valencia St,6,yes,Moininazeri Akbar,531110,1
Mission,117 Lexington St,7,yes,Muhawieh Jawad,531110,1
Mission,151 Albion St,6,yes,Mullins James J,53,1
Mission,30 Rosemont Pl,6,yes,Murphy Childrens 1990 Trust,53,1
Mission,358 12th St,,,Murphy John P,531110,1
Mission,1400 Guerrero St,3,yes,Nasser R Qawasmi A & Nasser A,531110,1
Mission,2886 Folsom St,,,New China Realty Corp,531110,1
Mission,1442 Valencia St #46,4,yes,Ng Shirley/Robert/John/Gim Hon,531110,1
Mission,356 12th Ave,4,yes,Ng Yuk Chun Wong/Kathy Hom,531110,1
Mission,245 -249 14th St,,,Nguyen Dominic & Jenny,53,1
Mission,846 Shotwell St,5,yes,Oscar Rojas,531110,1
Mission,531 Guerrero St,6,yes,Patrick Connolly,531110,1
Mission,2258 Bryant St,6,yes,Paul A. Petterson And Daisy L. Petterson,531110,1
Mission,722 Shotwell St,11,yes,Paula Cathey,531110,1
Mission,2981 21st St,3,yes,Pavel Baranyk,531110,1
Mission,1265 Dolores St,6,yes,Peterson Lawrence A,531110,1
Mission,3009 Mission St,40,yes,Philip Fernandez,531110,1
Mission,1067 Valencia St,17,yes,Phillips Robert L,531110,1
Mission,548 Valencia St,,,Phylis Kurzbard,531110,1
Mission,639 Guerrero St,4,yes,Quan William,531110,1
Mission,1801 Mission St,17,yes,Quest Blue LLC,531311,1
Mission,2108 Folsom St Apt 5,6,yes,Ramirez Elias & Beatriz,531110,1
Mission,127 San Jose Ave,,,Ramos Tony & Sharon,531210,1
Mission,3160 16th St,,,"Raymond F. Clark Properties, LLC",531110,1
Mission,3574 17th St,6,yes,Real Equity Group One LLC,531110,1
Mission,951 Dolores St,6,yes,Renner Michael,531110,1
Mission,3050 23rd St,,,Rigo Industrial Properties,531210,1
Mission,46 Alvarado St,6,yes,Robert Domenici,53,1
Mission,2949 Mission St,,,Roberto Sanchez,531110,1
Mission,565 Dolores St,6,yes,Romano Ann & Brenda,531110,1
Mission,2823 18th St,,,"Rpp Madelon, LLC",53,1
Mission,980 Potrero Ave,,,Sainez Lourdes,53,1
Mission,3017 22nd St,,,Sams Management Co. Lp,531110,1
Mission,33 San Carlos St,6,yes,"San Carlos Street 6, LLC",531110,1
Mission,3452 19th St,2,yes,"Sandy Properties, LLC",531110,1
Mission,3730 25th St,12,yes,Sarles Angelo Etal,531110,1
Mission,2960 Mission St,11,yes,Saucedo Anselmo,531311,1
Mission,115 Julian Ave,,,Scarabosio Family Trust,531110,1
Mission,537 14th St,18,yes,Schachter Win & Plaier Frank,531311,1
Mission,3488 22nd St,7,yes,Schaffer Joel B & Donna M,531110,1
Mission,3179 23rd St,6,yes,Schlesinger Edward And Brian,53,1
Mission,395 Capp St,12,yes,Schoepp Joseph A,531110,1
Mission,58 Woodward St,6,yes,Segal Andrew & Jennifer,531110,1
Mission,3474 17th St,6,yes,Sf 1a 3474 17th LLC,531110,1
Mission,3659 20th St,20,yes,Sf 1b 3659 20th LLC,531110,1
Mission,466 14th St,24,yes,Sf 1b 466 14th LLC,531110,1
Mission,470 14th St,24,yes,Sf 1b 470 14th LLC,531110,1
Mission,2976 23rd St,14,yes,Sfclt 23rd St Holdings LLC,531110,1
Mission,3548 18th St,8,yes,Shapiro Beverly,53,1
Mission,2262 Bryant St #64,6,yes,Shaughnessy William,531110,1
Mission,1869 Market St,4,yes,Silzan Co Inc,531210,1
Mission,1150 S Vanness Ave,,,Simply Urban LLC,53,1
Mission,2850 26th St,5,yes,Solorzano Ramon & Bertha,531110,1
Mission,27 Liberty St #29,4,yes,Spring Bettie B,531110,1
Mission,125 Fair Oaks St #129,,,Steele Family Revocable Trust,531110,1
Mission,3458 26th St,4,yes,Stein Properties,53,1
Mission,69 Fair Oaks St,3,yes,Stephane Saux,531110,1
Mission,475 Dolores St,10,yes,Storseter Herleiv,531110,1
Mission,33 Guerrero St,8,yes,Sullivan Properties,531110,1
Mission,3143 24th St,,,Sun Kong,531110,1
Mission,2722 Bryant St,3,yes,Susan Canny,531110,1
Mission,2500 Folsom St,,,Syts Investments LLC,531110,1
Mission,248 Guerrero St,6,yes,Szeto Johnny Mc & Meendy K F,53,1
Mission,2088 Mission St #2092,,,T Lew Family LLC,531110,1
Mission,1069 Capp St,5,yes,"Temescal Creek Properties 1, LLC",531110,1
Mission,1601 Howard St,,,Tenderloin Neighborhood Dev,531110,1
Mission,3543 23rd St,5,yes,The Dwp 2012 Irrevocable Trust,531110,1
Mission,629 Guerrero,12,yes,"The Ridge, Lp",531110,1
Mission,3270 23rd St,5,yes,Tien Phong & Duong Kieu,53,1
Mission,2100 Mission St,,,Toboni Joseph P,531110,1
Mission,411 Valencia St,16,yes,Tralee LLC,53,1
Mission,500 Treat Ave,,,Treat Property LLC,53,1
Mission,2521 Folsom St,3,yes,Treat St Apts LLC,531110,1
Mission,489 Guerrero St # 491,,,"Two To Four, LLC",531110,1
Mission,1532 Harrison St,,,"Udr, Inc.",531110,1
Mission,1085 Capp St,4,yes,Uniacke Joseph & Mary,531110,1
Mission,1328 Valencia St,4,yes,Urban Group Real Estate Incorporated,"531110, 531210",1
Mission,2027 Mission St,,,"Urban Pacific Properties, Inc.",531390,1
Mission,224 Valencia St,5,yes,Valencia-Clinton Park LLC,531110,1
Mission,69 Hill St,5,yes,Vanderstaay Christiaan E,531110,1
Mission,2501 Mission St,,,Vanguard Properties Inc,531210,1
Mission,2895 Harrison St,4,yes,Venegas Claudine O,531110,1
Mission,157 San Carlos St,4,yes,Wei Mamei C,531110,1
Mission,3579 19th St,7,yes,Weidmann Inge,531390,1
Mission,27 Isis St #37,9,yes,Willett Dolores,531110,1
Mission,1133 Dolores St,16,yes,William And Charleen Duke Lp,531110,1
Mission,122 Guerrero St,6,yes,Wirth Sean/Eckert Bryan K,53,1
Mission,121 Dolores St Apt 4,9,yes,Wolden Joseph V,531110,1
Mission,1303 Minna St,,,Wong Catalina,53,1
Mission,1488 Valencia St,6,yes,Wong Don D,53,1
Mission,452 Bartlett St,18,yes,Wong Kong Ming & Trust,531110,1
Mission,1026 Shotwell St,3,yes,Wong Toa H & Wong Karol,531311,1
Mission,3650 18th St,6,yes,Wong Walter,53,1
Mission,3549 17th St,6,yes,Woo Gordon,531110,1
Mission,3542 17th St Unit 2,5,yes,Wopperer Christian,53,1
Mission,3620 19th St Apt 28,17,yes,Young Estates LLC,531210,1
Mission,1269 Dolores St,6,yes,Zdag LLC,531110,1
Mission,601 Potrero St,,,"Zentgraff, Brian & The Mary J Nelson Testamentary Trust",531110,1
Mission,530 Bartlett St,6,yes,Zucconi Guido & Ida,531110,1
Nob Hill,1474 Sacramento St,38,yes,"Sf Apartments Investor Holdings, LLC",531110,21
Nob Hill,1130 Larkin St,31,yes,"Sf Apartments Investor Holdings, LLC",531110,21
Nob Hill,1234 Jones St,30,yes,"Sf Apartments Investor Holdings, LLC",531110,21
Nob Hill,1225 Taylor St,25,yes,"Sf Apartments Investor Holdings, LLC",531110,21
Nob Hill,1624 Sacramento St,24,yes,"Sf Apartments Investor Holdings, LLC",531110,21
Nob Hill,1445 Mason St,15,yes,"Sf Apartments Investor Holdings, LLC",531110,21
Nob Hill,1720 Leavenworth St,15,yes,"Sf Apartments Investor Holdings, LLC",531110,21
Nob Hill,1675 Clay St,13,yes,"Sf Apartments Investor Holdings, LLC",531110,21
Nob Hill,1265 Washington St,12,yes,"Sf Apartments Investor Holdings, LLC",531110,21
Nob Hill,1244 -125 California St,,,"Sf Apartments Investor Holdings, LLC",531110,21
Nob Hill,1050 Post St,40,yes,Sf Owner LLC,"531110, 531311",18
Nob Hill,947 Bush St,40,yes,Sf Owner LLC,"531110, 531311",18
Nob Hill,1126 Bush St,37,yes,Sf Owner LLC,"531110, 531311",18
Nob Hill,1401 Jones St,37,yes,Sf Owner LLC,"531110, 531311",18
Nob Hill,845 California St,37,yes,Sf Owner LLC,"531110, 531311",18
Nob Hill,621 Stockton St,32,yes,Sf Owner LLC,"531110, 531311",18
Nob Hill,1020 Post St,30,yes,Sf Owner LLC,"531110, 531311",18
Nob Hill,1547 Clay St,29,yes,Sf Owner LLC,"531110, 531311",18
Nob Hill,50 Joice St,13,yes,Sf Owner LLC,"531110, 531311",18
Nob Hill,1340 Taylor St,12,yes,Sf Owner LLC,"531110, 531311",18
Nob Hill,1656 Leavenworth St,12,yes,Sf Owner LLC,"531110, 531311",18
Nob Hill,645 Stockton St,12,yes,Sf Owner LLC,"531110, 531311",18
Nob Hill,701 Taylor St,,,Sf Owner LLC,"531110, 531311",18
Nob Hill,1650 California St,32,yes,Dewolf Realty Co,531110,14
Nob Hill,1385 Clay St,24,yes,Dewolf Realty Co,531110,14
Nob Hill,1140 Pine St,23,yes,Dewolf Realty Co,531110,14
Nob Hill,1725 Taylor St,20,yes,Dewolf Realty Co,531110,14
Nob Hill,1556 Taylor St,10,yes,Dewolf Realty Co,531110,14
Nob Hill,1553 -1563 Pine St,,,Dewolf Realty Co,531110,14
Nob Hill,1152 Jackson St,8,yes,Castellucci Antonio,531311,13
Nob Hill,995 Pine St,30,yes,Del Camp Investments Inc,531110,11
Nob Hill,1461 California St,6,yes,Del Camp Investments Inc,531110,11
Nob Hill,701 Pine St,,,Del Camp Investments Inc,531110,11
Nob Hill,1433 Clay St,16,yes,"Sf Multifamily Pool 2-3 (B) Owner, LLC",531110,9
Nob Hill,1637 Sacramento St,16,yes,"Sf Multifamily Pool 2-3 (B) Owner, LLC",531110,9
Nob Hill,1575 Sacramento St,13,yes,"Sf Multifamily Pool 2-3 (B) Owner, LLC",531110,9
Nob Hill,1046 Mason St,8,yes,"Sf Multifamily Pool 2-3 (B) Owner, LLC",531110,9
Nob Hill,1046 Pacific Ave,,,"Sf Multifamily Pool 2-3 (B) Owner, LLC",531110,9
Nob Hill,1106 Bush St,,,"Sf Multifamily Pool 2-3 (B) Owner, LLC",531110,9
Nob Hill,1086 Post St,40,yes,Wai John E 1981 Lvg Trust,531110,9
Nob Hill,693 Sutter St,17,yes,Wai John E 1981 Lvg Trust,531110,9
Nob Hill,1111 Jones St,12,yes,Wai John E 1981 Lvg Trust,531110,9
Nob Hill,7 Leroy Pl #19,6,yes,Wai John E 1981 Lvg Trust,531110,9
Nob Hill,995 Pine St,30,yes,Del-Camp Investments Inc,531110,7
Nob Hill,1225 Jackson St,6,yes,Del-Camp Investments Inc,531110,7
Nob Hill,1461 California St,6,yes,Del-Camp Investments Inc,531110,7
Nob Hill,701 Pine St,,,Del-Camp Investments Inc,531110,7
Nob Hill,737 Hyde St,26,yes,Murphy San Francisco Limited Partnership,53,7
Nob Hill,721 Bush St,20,yes,Murphy San Francisco Limited Partnership,53,7
Nob Hill,1435 Larkin St,24,yes,Bartholomew Murphy,53,6
Nob Hill,1355 Pine St,12,yes,Bartholomew Murphy,53,6
Nob Hill,955 Hyde St,11,yes,Bartholomew Murphy,53,6
Nob Hill,735 Mason St,20,yes,Mar Nancy A,531110,6
Nob Hill,1390 Pine St,12,yes,Mar Nancy A,531110,6
Nob Hill,1660 Sacramento St,12,yes,Mar Nancy A,531110,6
Nob Hill,751 Mason St,,,Mar Nancy A,531110,6
Nob Hill,1025 Jackson St,24,yes,Levinson Family Revocable Trust,531110,5
Nob Hill,1385 Pine St,21,yes,Li Don/Donna/Calvin/Gregory,531110,5
Nob Hill,740 Leavenworth St,16,yes,Li Don/Donna/Calvin/Gregory,531110,5
Nob Hill,1441 Larkin St,7,yes,Li Don/Donna/Calvin/Gregory,531110,5
Nob Hill,1454 Taylor St,7,yes,Li Don/Donna/Calvin/Gregory,531110,5
Nob Hill,1653 Sacramento St,,,Li Don/Donna/Calvin/Gregory,531110,5
Nob Hill,1485 Clay St,12,yes,"Sf Multifamily Pool 5 (C) Owner, LLC",531110,5
Nob Hill,1590 Sacramento St,40,yes,The Gruber Family Partners,531110,5
Nob Hill,1230 Washington St,10,yes,Gaehwiler Family LLC,531110,4
Nob Hill,1315 Taylor St,,,Gaehwiler Family LLC,531110,4
Nob Hill,1025 Hyde St,7,yes,Woo Steven & Carmen,531110,4
Nob Hill,1640 Van Ness Ave,,,Ares Commercial Properties,531210,3
Nob Hill,1727 Sacramento St,,,Ares Commercial Properties,531210,3
Nob Hill,935 Hyde St,16,yes,Ballinree LLC,531110,3
Nob Hill,945 Hyde St,11,yes,Ballinree LLC,531110,3
Nob Hill,1259 Polk St,,,Chin Martin Y,531210,3
Nob Hill,1405 Bush St,,,Chin Martin Y,531210,3
Nob Hill,1451 Sacramento St,12,yes,Eve Bernstein Living Trust,531110,3
Nob Hill,1000 Mason St,40,yes,Fritz Property Group Inc,531110,3
Nob Hill,1055 California St,15,yes,Fritz Property Group Inc,531110,3
Nob Hill,1045 California St,,,Fritz Property Group Inc,531110,3
Nob Hill,808 Leavenworth St,38,yes,H/S Partners II Lp,53,3
Nob Hill,1350 Pine St,32,yes,H/S Partners II Lp,53,3
Nob Hill,1372 Pine St,27,yes,H/S Partners II Lp,53,3
Nob Hill,729 Leavenworth St,18,yes,Howard Jow,531110,3
Nob Hill,727 Leavenworth St,,,Howard Jow,531110,3
Nob Hill,1031 Leavenworth St,15,yes,Kingsley Sanford,531110,3
Nob Hill,1478 California St #1488,,,Lee Living Trust The,531110,3
Nob Hill,774 Pine St #784,,,Lee Living Trust The,531110,3
Nob Hill,1440 Sacramento St,13,yes,Marvin A Remmich,531110,3
Nob Hill,730 Leavenworth St,,,Marvin A Remmich,531110,3
Nob Hill,1005 Larkin St,28,yes,New Century Management Lfc LLC,531110,3
Nob Hill,999 Bush St,36,yes,Scher Daniel,531110,3
Nob Hill,1053 Bush St,18,yes,Scher Daniel,531110,3
Nob Hill,1544 Polk St,40,yes,Sojourn Properties Inc,531110,3
Nob Hill,1685 Sacramento St,33,yes,Sojourn Properties Inc,531110,3
Nob Hill,1105 Larkin St,,,Sojourn Properties Inc,531110,3
Nob Hill,1401 Polk St,,,Tstn Partnership,53,3
Nob Hill,1409 Polk St,,,Tstn Partnership,53,3
Nob Hill,1512 Pine St,,,Tstn Partnership,53,3
Nob Hill,1314 Polk St,32,yes,Yamagami Dick N,531210,3
Nob Hill,1318 Polk St,,,Yamagami Dick N,531210,3
Nob Hill,1267 Pacific Ave,,,Yip Elizabeth,531110,3
Nob Hill,1246 Bush St,20,yes,1145 Bush Street Lp,531110,2
Nob Hill,1661 Sacramento St,7,yes,1145 Bush Street Lp,531110,2
Nob Hill,906 Broadway,,,908 Broadway LLC,531110,2
Nob Hill,908 Broadway,,,908 Broadway LLC,531110,2
Nob Hill,700 Mason St,20,yes,Abuyaghi Properties LLC,531110,2
Nob Hill,1005 Jones St,,,Abuyaghi Properties LLC,531110,2
Nob Hill,1300 Leavenworth St,,,Britton John F,531210,2
Nob Hill,1000 Bush St,,,Bush Street Apartment Group Lp,531110,2
Nob Hill,1010 Bush St,,,Bush Street Apartment Group Lp,531110,2
Nob Hill,1507 California St,37,yes,Cal Lark LLC,531110,2
Nob Hill,1511 California St,,,Cal Lark LLC,531110,2
Nob Hill,693 Sutter St 4fl,,,Carpeneti Richard,531110,2
Nob Hill,1227 Clay St,6,yes,Chan Joseph,531110,2
Nob Hill,1235 Clay St,,,Chan Joseph,531110,2
Nob Hill,1324 Pine St,6,yes,Chin James & Linda,531110,2
Nob Hill,1329 Sacramento St,6,yes,Chun Jimmy & Shuk Y,531110,2
Nob Hill,1354 Sacramento St,6,yes,Chun Jimmy & Shuk Y,531110,2
Nob Hill,1121 Bush St,16,yes,"Cibas Properties, LLC",531110,2
Nob Hill,1044 Pine St,13,yes,Deamicis Clement D & Roseanne,531390,2
Nob Hill,900 Pine St,,,"Eol Properties II, Lp",531110,2
Nob Hill,904 Pine St,,,"Eol Properties II, Lp",531110,2
Nob Hill,961 Pine St,22,yes,Goodman Keith,531110,2
Nob Hill,1677 Sacramento St,17,yes,Grimes John & Linda,531110,2
Nob Hill,627 Taylor St,40,yes,Hfb Properties Lp,531110,2
Nob Hill,801 Sutter St,,,Hfb Properties Lp,531110,2
Nob Hill,1128 Mason St,,,Home Realty,531311,2
Nob Hill,974 Pine St,12,yes,Khayam Bashi H & Tooram,531110,2
Nob Hill,1639 Polk St,,,Khayam Bashi H & Tooram,531110,2
Nob Hill,975 Sutter St,11,yes,Kiely Philip Q,531110,2
Nob Hill,1175 Washington St,7,yes,Lai Ching II/Gum Kuer LLC,531110,2
Nob Hill,974 Sutter St,5,yes,Lapidos Jack M,531110,2
Nob Hill,1015 Washington St,6,yes,Lee Donald O,531110,2
Nob Hill,1129 Pacific Ave,,,Louie Moon F & Chung W,53,2
Nob Hill,1145 Bush St,,,Meridian Management Group,531110,2
Nob Hill,1330 Pine St,12,yes,Ng Tony H,531110,2
Nob Hill,1018 Hyde St,,,Ng Tony H,531110,2
Nob Hill,1096 Pine St,16,yes,Pitto Louis F & Diane Etal,531390,2
Nob Hill,972 Bush St,26,yes,Primo Segundo Nv,531110,2
Nob Hill,805 Leavenworth St,,,Primo Segundo Nv,531110,2
Nob Hill,1348 Sacramento St,20,yes,"Ralston Capital Sf Multifamily IV, LLC",531110,2
Nob Hill,1385 Clay St,24,yes,Romel California LLC,531110,2
Nob Hill,798 Post St,40,yes,"Sf Apartments Trs, LLC",531110,2
Nob Hill,655 Stockton St,38,yes,Sf Jv LLC,531311,2
Nob Hill,1008 Larkin St,29,yes,"Sic-Mcm Sf Apt Jv I, LLC",531110,2
Nob Hill,839 Leavenworth St,26,yes,"Sic-Mcm Sf Apt Jv I, LLC",531110,2
Nob Hill,1414 Van Ness Ave,,,Sunhill Enterprises Lp,53,2
Nob Hill,527 Sutter St,,,Sunhill Enterprises Lp,53,2
Nob Hill,1166 Pine St,12,yes,Tang Trang Et Al,531110,2
Nob Hill,1114 Sutter St,36,yes,Tappe Julius M,531110,2
Nob Hill,956 Post St,33,yes,Tappe Julius M,531110,2
Nob Hill,1625 Sacramento St,6,yes,Urbano Ezquerro,"531210, 531311",2
Nob Hill,737 Bush St,36,yes,Vaca Rocio,531110,2
Nob Hill,935 Pine St,14,yes,Vaca Rocio,531110,2
Nob Hill,745 Pine St,19,yes,Wong Donna,53,2
Nob Hill,1539 Clay St,14,yes,Wong Donna,53,2
Nob Hill,490 Post St #608,,,Yu James K,53,2
Nob Hill,1082 Post St,20,yes,1082 Post LLC,531110,1
Nob Hill,1126 Taylor St,6,yes,1126 Taylor LLC,531110,1
Nob Hill,1135 Hyde St,6,yes,1135 Hyde Holding Trust,531110,1
Nob Hill,1163 Bush St #67,40,yes,1163 Associates,531110,1
Nob Hill,1163 Pine St,16,yes,"1163 Pine Street, LLC",531110,1
Nob Hill,1201 Leavenworth St,16,yes,"1201 Leavenworth Street Owner, Lp",531311,1
Nob Hill,1201 Pine St,16,yes,"1201 Pine A2, Lp",531110,1
Nob Hill,1221 Jones St,24,yes,1221 Jones LLC,531110,1
Nob Hill,1230 Jackson St,6,yes,"1230 Jackson, LLC",531110,1
Nob Hill,1241 Bush St,17,yes,1241 Bush Street Partners Lp,531110,1
Nob Hill,1275 Clay St,7,yes,1275 Clay Street LLC,531110,1
Nob Hill,1300 Sacramento St,22,yes,1300 Sacramento St Partnershi,531110,1
Nob Hill,1330 Jones St,37,yes,1330 Jones Street LLC,531110,1
Nob Hill,1335 Washington St,14,yes,"1335 Washington, LLC",531110,1
Nob Hill,1385 Pine St,21,yes,1385 Pine St Apts,531110,1
Nob Hill,1401 California St,,,1401 California LLC,531110,1
Nob Hill,1420 Taylor St,14,yes,1420 Taylor Street Apartments,531110,1
Nob Hill,1424 Polk St,18,yes,1424-1428 Polk I2 Lp,531110,1
Nob Hill,1425 Taylor St,40,yes,"1425 Taylor Street Owner, L.P.",531311,1
Nob Hill,1430 Leavenworth St,6,yes,1430 Leavenworth St LLC,531110,1
Nob Hill,1441 Taylor St,22,yes,"1441 Taylor St Owner, LLC",531110,1
Nob Hill,1450 Bush St,12,yes,1448 Bush-Austin Comm,531110,1
Nob Hill,1448 Bush St,,,1448 Bush-Austin St - Apts,531110,1
Nob Hill,1456 Jones St,25,yes,1456 Jones Street LLC,531110,1
Nob Hill,1470 California St,24,yes,1470 California St Apts LLC,531110,1
Nob Hill,1477 California St #1,7,yes,1477 California St LLC,531110,1
Nob Hill,1155 Jones St.,24,yes,14th Ave Partners Lp,531110,1
Nob Hill,1512 California St,7,yes,1512california LLC,531110,1
Nob Hill,1537 Jones St,15,yes,1537 Jones St Apts,531110,1
Nob Hill,1606 Jones St #1612,4,yes,1606 Jones Street LLC,53,1
Nob Hill,1611 Clay St,12,yes,1611 Clay Street Apartments,531110,1
Nob Hill,1630 Jones St,13,yes,"1630 Jones, LLC",531110,1
Nob Hill,1635 Jones St,16,yes,1635 Jones Street Lp,531110,1
Nob Hill,1656 Sacramento St,14,yes,"1656 Sacramento Street, LLC",531110,1
Nob Hill,1660 Sacramento St #1662,12,yes,1660 Sacramento St Assoc LLC,531110,1
Nob Hill,1688 Sacramento St,19,yes,1688 Sacramento Street LLC,53,1
Nob Hill,1730 Sacramento St,10,yes,1730 Sacramento LLC,531110,1
Nob Hill,1740 Sacramento St,12,yes,"1740 Sacramento Street, LLC",531110,1
Nob Hill,1155 Jones St.,24,yes,2232 North Point Partners Lp,531110,1
Nob Hill,1225 Clay St,10,yes,"280 Townsend Street, LLC",531110,1
Nob Hill,600 Sutter St,15,yes,600 Sutter St Inc,531110,1
Nob Hill,626 Bush St,27,yes,626 Bush Ltd,531110,1
Nob Hill,680 Sutter St,40,yes,680/688 Sutter Street LLC,531390,1
Nob Hill,700 Taylor St,24,yes,700 Taylor Street LLC,531110,1
Nob Hill,736 Jones St,35,yes,736 Jones Street LLC,531390,1
Nob Hill,737 Pine St,40,yes,737 Pine L1 Lp,531110,1
Nob Hill,754 Post St,28,yes,754 Post St San Francisco LLC,531110,1
Nob Hill,755 Bush St,30,yes,"755 Bush Street, Lp",531110,1
Nob Hill,795 Pine St,40,yes,795 Pine I1 Lp,531110,1
Nob Hill,825 Pine St,16,yes,825-835 Pine I1 Lp,531110,1
Nob Hill,845 Pine St,18,yes,"845 Pine A2, Lp",531110,1
Nob Hill,855 Pine St,18,yes,855 Pine Street Apartments,531110,1
Nob Hill,925 Leavenworth St,16,yes,925 Leavenworth LLC,531110,1
Nob Hill,999 Broadway,10,yes,999 Broadway Apartments,531110,1
Nob Hill,1251 Hyde Street Apt 6,9,yes,Abdol Hossein Novin,531110,1
Nob Hill,1059 Leavenworth St,22,yes,Acd Investments Lp,531110,1
Nob Hill,1410 Taylor St,9,yes,Aetna Apartments LLC,531110,1
Nob Hill,1520 Taylor St Apt 406,31,yes,Afshar Hosein,53,1
Nob Hill,1725 Taylor St,20,yes,Aldema Invsm't Corp Of Florida,531110,1
Nob Hill,1200 Taylor St,24,yes,Ali Shakoori,531110,1
Nob Hill,1140 Hyde St,7,yes,Alphonse A Jr & John A Boro,531110,1
Nob Hill,1725 Clay St Ste 102,8,yes,Amster Incorporation,53,1
Nob Hill,1243 Pine Street,12,yes,Anita W.M. Lau,531110,1
Nob Hill,1620 Polk St,20,yes,Anixter Dorothy Trust,531110,1
Nob Hill,965 Sutter St,12,yes,Avalon Bay Communities Inc,531110,1
Nob Hill,965 Sutter St,12,yes,Avalonbay Communities Inc,531110,1
Nob Hill,1501 Sacramento Street,14,yes,Bay City Properties LLC,531110,1
Nob Hill,1440 Jones St,7,yes,Bay Properties Inc,53,1
Nob Hill,1360 Jones St,21,yes,Bently Nob Hill Lp,531110,1
Nob Hill,625 Taylor St,25,yes,Bohemia Apartments Lp,531110,1
Nob Hill,1000 Pine St,6,yes,Boutikia  LLC,531311,1
Nob Hill,1017 Hyde St,7,yes,Brenda Fung Lew,53,1
Nob Hill,1278 Jackson St Apt 6,7,yes,Brifon Corp,531110,1
Nob Hill,1278 Jackson St,7,yes,Briggs Gary B,531110,1
Nob Hill,975 Sutter St,11,yes,Briggs Robert L & Jeanine,53,1
Nob Hill,1330 Polk St Apt,,,"Broadway Properties, LLC",531110,1
Nob Hill,1200 Sacramento St,22,yes,Brooks Barbara & John,531110,1
Nob Hill,922 Post St,37,yes,Bruno Family LLC,531110,1
Nob Hill,960 Pine St,12,yes,Bryan Thornton,531110,1
Nob Hill,1615 California St,,,California & Polk Center LLC,53,1
Nob Hill,1430 Bush St,,,Canepa Andrew M,531110,1
Nob Hill,1233 California St,36,yes,Canizales Maria,531110,1
Nob Hill,1185 Pine St,17,yes,Cassil Rob,53,1
Nob Hill,1175 Clay St,6,yes,Chan Alberta & Chinn Vicent,531110,1
Nob Hill,1181 Clay St,7,yes,Chan Pauline,531110,1
Nob Hill,1445 Larkin St,7,yes,Chang Lawrence,531110,1
Nob Hill,955 Pine St,20,yes,Chen Hsiu-Chi Etal,53,1
Nob Hill,1142 Jackson St,6,yes,Cheng Christina M,531110,1
Nob Hill,1005 Hyde St,22,yes,Chin Harry & Chin Jennie Jay,531110,1
Nob Hill,1005 Powell St,4,yes,Chinatown Sros LLC,531110,1
Nob Hill,1010 Post St,40,yes,Chong Edmond & Wan Mei,531110,1
Nob Hill,1105 Bush St,29,yes,Chris & Elizabeth Dressel,531110,1
Nob Hill,1610 Taylor St Apt 3,5,yes,Citibrokers Inc,531210,1
Nob Hill,846 Bush St,32,yes,"City Place, LLC",531110,1
Nob Hill,1101 Sutter St,,,Clyde Properties LLC,53,1
Nob Hill,1055 Washington St,13,yes,Corrinne B Lee Rev Tr Suzanne Lee Cooper,531110,1
Nob Hill,1310 Jones St,,,Crest Royal Corp,531110,1
Nob Hill,940 Post St,35,yes,Crosby Apartments Lp,531110,1
Nob Hill,1080 Post St,20,yes,Cusing M & S,531110,1
Nob Hill,1207 Bush St,13,yes,Cusing Mark And Sophia Revocable Living Trust,531110,1
Nob Hill,1230 Hyde St,12,yes,Dang Helen P,531110,1
Nob Hill,1065 Bush St,30,yes,Daniel H. Hallford & Glen Hallford,531110,1
Nob Hill,1531 Clay St #1535,6,yes,Danny & Denise Wong 2012 Family Trust,53,1
Nob Hill,1216 Clay St,6,yes,Dare Richard,531110,1
Nob Hill,1302 Taylor St,12,yes,Davis J Davis M,531110,1
Nob Hill,830 Post St,20,yes,Decomo Deborah/Caridis Anthony,53,1
Nob Hill,1469 Sacramento St,7,yes,Desmond Gee,531110,1
Nob Hill,1441 Clay St,12,yes,Divco Group LLC,531110,1
Nob Hill,1346 Pine St,36,yes,Dogwood Bp Lp,531110,1
Nob Hill,1645 Clay St Apt 2,6,yes,Donald Chan,53,1
Nob Hill,1033 Washington St #,3,yes,Double Agent Ventures LLC,531110,1
Nob Hill,729 Jones St Apt 404,40,yes,Drexlir Pothier,531210,1
Nob Hill,850 Leavenworth St,36,yes,"Empire Court Apartments, LLC",531110,1
Nob Hill,1436 California St #38,12,yes,Everlasting Success Inc,531110,1
Nob Hill,1656 Taylor St,7,yes,Exph Flaghouse LLC,531110,1
Nob Hill,1430 Sacramento St,7,yes,Filbert Fll Apts. Lp,531110,1
Nob Hill,745 Hyde St,23,yes,Flynn Russell B,531110,1
Nob Hill,1235 Hyde St,20,yes,Fong Fook H & Han Tai,531110,1
Nob Hill,1233 Taylor St,6,yes,Fong Harvey & Fong William & Lee Raymond,531110,1
Nob Hill,1228 Taylor St,6,yes,Fong Harvey & Yee Gary & Fong William & Lee Raymond,531110,1
Nob Hill,1556 Taylor St,10,yes,Fong K P Etal,531110,1
Nob Hill,1434 Jones St,12,yes,Fong Katherine,531110,1
Nob Hill,1342 Jones St,9,yes,Fong Katherine A,531110,1
Nob Hill,1144 Pine St,24,yes,Frank Properties,"53, 531110",1
Nob Hill,1290 Jackson St,15,yes,"Gbp 1290 Jackson Owner, LLC",531110,1
Nob Hill,1418 Leavenworth St,11,yes,"Gbp 1418 Leavenworth Owner, LLC",531110,1
Nob Hill,1011 Washington St,16,yes,Gee Anita S,531110,1
Nob Hill,1601 Sacramento St,20,yes,Gee Trust,53,1
Nob Hill,730 Pine St,4,yes,Gerhardt W A /Schlenzig M P,531110,1
Nob Hill,821 Pine St,25,yes,Goodrich J Goodrich N,531110,1
Nob Hill,1260 California St,12,yes,Gothelf Michael J,531110,1
Nob Hill,1216 Taylor St. Apt 29,10,yes,Gst Exempt Trust Under The May Kwan Leong Kwok Trust,531110,1
Nob Hill,825 Jones St,18,yes,H/S Trust I,53,1
Nob Hill,1270 Pine St,24,yes,Hallford Survivors & Martial Trust,531110,1
Nob Hill,895 Sutter St,33,yes,Hawthorne/Stone Sutter St Trust,53,1
Nob Hill,1242 Taylor St,7,yes,Henry & Shui Lee Trust,531110,1
Nob Hill,810 Jones St,21,yes,Hirsch Julian M,531110,1
Nob Hill,1190 Pine St,33,yes,Hk Wolls Enterprise Inc,531110,1
Nob Hill,1140 Clay St,10,yes,Hom Alexander & Hom Clarence,531110,1
Nob Hill,1375 California St,19,yes,Hom Ben L & Fong Lydia,531110,1
Nob Hill,1011 Hyde St,7,yes,Hom Ging Lam,531110,1
Nob Hill,1390 Washington St,11,yes,Hom Loy Woon Etal,531110,1
Nob Hill,1031 Clay St,6,yes,Hong H Hong J Yee R,531110,1
Nob Hill,908 Vallejo St,6,yes,Hong Lauren,531110,1
Nob Hill,1171 Clay St,6,yes,Hong Peggy,531110,1
Nob Hill,1520 California St,13,yes,Hurley James W,531110,1
Nob Hill,1500 Taylor St,3,yes,Inspiration Real Estate Inc,53,1
Nob Hill,979 Sutter St,24,yes,Inzerillo Anthony J,531110,1
Nob Hill,1125 Mason St #8,8,yes,Irene Ai Fang Wong Lifetime Qtip Trust,531110,1
Nob Hill,1420 Jones St,12,yes,Jayne Yee,531110,1
Nob Hill,1465 Pine St,35,yes,Jbm&K Silver Lp,531110,1
Nob Hill,800 Bush St,31,yes,Jeanne M Mazeris,531110,1
Nob Hill,1242 Pacific Ave,,,Jee Family Trust,531110,1
Nob Hill,1137 Bush St,8,yes,Jim Babcock,531110,1
Nob Hill,940 Jones St,8,yes,Jones & Bush LLC,53,1
Nob Hill,729 Jones St,40,yes,Jones Street Terrace Assocs Lp,531110,1
Nob Hill,1337 California St,8,yes,Judy Gee Of The Gee Family Trs,531110,1
Nob Hill,26 Glover St,4,yes,Jung Chuck S,53,1
Nob Hill,1112 Larkin St,38,yes,Jung Joe Ling,531110,1
Nob Hill,1135 Bush St,24,yes,Kam Wilson,531110,1
Nob Hill,1521 Jones St,6,yes,Kauri Hills LLC,531110,1
Nob Hill,1100 Clay St,6,yes,Ke Holdings LLC,53,1
Nob Hill,872 Sutter St,20,yes,Kennedy Charles E Trust,531110,1
Nob Hill,1345 Sacramento St,,,Koo Ming D & Manling Har H,531110,1
Nob Hill,1549 Jones St,7,yes,Kwan Anson,531110,1
Nob Hill,1179 Pine St,6,yes,Kwan Chuk W,531110,1
Nob Hill,830 Hyde St,20,yes,Lai King Quan Properties LLC,531110,1
Nob Hill,1665 Clay St Apt 4,12,yes,Laurinda Andrew Quong Family Trust,531110,1
Nob Hill,1250 Hyde St Apt 6,6,yes,Lee Ding Bong,53,1
Nob Hill,1508 Taylor St,8,yes,Lee Ding Bong & Lee Sau Fong,53,1
Nob Hill,1650 Sacramento St,6,yes,Lee Donald Y,531110,1
Nob Hill,1455 Sacramento St,7,yes,Lee Florence,531110,1
Nob Hill,1205 Hyde St,11,yes,Lee James C & Regina Ps,531110,1
Nob Hill,1534 Sacramento St,5,yes,Lee John M,531110,1
Nob Hill,1196 Broadway St,12,yes,Lee Milton Lee Tsui Kiu,531110,1
Nob Hill,725 Hyde St,16,yes,Lee Nolan / Lee May Ha,531110,1
Nob Hill,601 Stockton St,9,yes,Lee Stanley B & May Yee,531110,1
Nob Hill,1357 Clay St,13,yes,Levin Feralee And Rushakoff Susan,531110,1
Nob Hill,1361 California St,5,yes,Lew Po S Marital Trust,531110,1
Nob Hill,1220 Pacific Ave,,,Li Shao Gang,53,1
Nob Hill,1000 Sutter St,,,Lieberman Irene,531110,1
Nob Hill,729 Hyde St,11,yes,Linda Tam,531110,1
Nob Hill,1644 Taylor St,17,yes,Litke Properties Inc & Litke Jeffrey E,531110,1
Nob Hill,1487 Sacramento St,12,yes,Liu Family 2012 Irrevocable Trust,531110,1
Nob Hill,845 Hyde St,16,yes,Louie George C,531110,1
Nob Hill,934 Broadway #938,3,yes,Louise Y Fung Revocable Trust Dtd 8/4/1988,531110,1
Nob Hill,1517 Jones St,6,yes,Low Lindbergh G,531110,1
Nob Hill,766 Sutter St,30,yes,Lucerne Apartments LLC,531110,1
Nob Hill,1221 Hyde St Apt 7,7,yes,Lui Foon & Shirley,531110,1
Nob Hill,1121 Clay St,6,yes,Lum Craig & Rochelle,531110,1
Nob Hill,1050 Clay St,6,yes,Ma Yuet Har,53,1
Nob Hill,1355 Mason St,16,yes,Mac Family Trust,531110,1
Nob Hill,1501 Larkin St,34,yes,Macsweeny S/Johnston S/ Et Al,531110,1
Nob Hill,765 Sutter St,24,yes,Madison Apartments Sf Lp,531110,1
Nob Hill,1180 Jackson St,6,yes,Malick John/Dong Tr/Lem Liv Tr,53,1
Nob Hill,14 Wetmore St,,,Mardikian Haig G,531311,1
Nob Hill,724 Leavenworth St,14,yes,Martland George A & Kathleen,531110,1
Nob Hill,840 Taylor St,7,yes,Mary Louise Beecroft,531110,1
Nob Hill,1465 Pine St,35,yes,Mcevoy Properties,531110,1
Nob Hill,1325 Sacramento St,6,yes,Mechetti Paul R,531110,1
Nob Hill,1380 Washington St,8,yes,"Mfa 1380 Washington, LLC",531110,1
Nob Hill,1345 Sacramento St,,,Ming & Manling Koo 2012 Irrevocable Trust,531110,1
Nob Hill,602 Mason St,21,yes,Minhall Inc,531110,1
Nob Hill,1171 Bush St,16,yes,Murphy Daniel,531110,1
Nob Hill,1086 Bush St,9,yes,Murphy Dennis A & Mary Jo,531311,1
Nob Hill,955 Bush St,36,yes,Neer Rita & Katz J F,531110,1
Nob Hill,1254 Taylor St,14,yes,Ng Siu Chuen & Hung Ng Shiu Quan,531110,1
Nob Hill,1155 Jones St,24,yes,Nob Hill Place Apartments,531110,1
Nob Hill,959 Powell St,12,yes,Nob Hill Rock LLC,531110,1
Nob Hill,1020 Pine St,8,yes,Noe Vista LLC,531110,1
Nob Hill,1560 Van Ness Ave Fl 2,,,Nrt West Inc,531210,1
Nob Hill,1335 Larkin St,22,yes,Ocean Cregg LLC,531110,1
Nob Hill,1333 Bush St,,,On Lok Community Housing Inc,531110,1
Nob Hill,1455 Clay St,12,yes,Ong Edward,531110,1
Nob Hill,643 Mason St,10,yes,Opmc 643 Mason LLC,531110,1
Nob Hill,1330 Jones St,37,yes,Otrera Real Estate LLC,531110,1
Nob Hill,1219 Taylor St,10,yes,Ow Sandra,531110,1
Nob Hill,925 Jones St,31,yes,Palmer John T,531110,1
Nob Hill,860 Bush St,39,yes,Palmer Loveday Kilduff & Etal,531110,1
Nob Hill,1485 Pine St,24,yes,Patel Devendra M,531110,1
Nob Hill,27 Dashiell Hammett St,35,yes,Patel Narendrakumar/Jashuben,531110,1
Nob Hill,890 Bush St,30,yes,Peil Jerrold,531311,1
Nob Hill,729 Mason St Box 604,,,Perry Annette,531110,1
Nob Hill,1725 Clay St Ste 102,8,yes,Pillar Capital Group,531390,1
Nob Hill,1725 Clay St Ste 102,8,yes,Pillar Capital Real Estate,531311,1
Nob Hill,1111 Pine St,30,yes,"Pine Street Residence, LLC",531110,1
Nob Hill,1035 Pine St,38,yes,Pine Street Terrace Apts Lp,531110,1
Nob Hill,1390 California St,,,Pivnick Janet,531110,1
Nob Hill,1595 Clay St,38,yes,Podesta Family LLC,53,1
Nob Hill,1000 Mason St Apt 504,40,yes,Portico West Inc.,531210,1
Nob Hill,1380 Washington St,8,yes,Prudence Investment & Assets Mgmt Co Inc,531110,1
Nob Hill,1073 Bush St,11,yes,Quan Family Trust,531110,1
Nob Hill,1300 Sacramento St Apt 202,22,yes,Quinn Peter T,531311,1
Nob Hill,890 Bush St,30,yes,Ralston Captial - Sf Multifamily IV LLC,531110,1
Nob Hill,1144 Clay St,6,yes,Raul Arriaza,531110,1
Nob Hill,1254 Taylor St Apt 15,14,yes,Raymond Ng,531110,1
Nob Hill,1134 Hyde St,13,yes,Richard Yee,531110,1
Nob Hill,825 Bush St,32,yes,Richardson H Michael,531110,1
Nob Hill,1553-63 Pine St Apts,,,Ricossa Ronald A,531110,1
Nob Hill,1240 California St,15,yes,Riordan Sally R,531110,1
Nob Hill,1007 Sutter St,38,yes,Robertson Bradley,53,1
Nob Hill,1360 Clay St,12,yes,Rodney & Marian Owyang Trust - Clay,531110,1
Nob Hill,1250 Taylor St,17,yes,Romel 2400 Vn LLC,531110,1
Nob Hill,1650 California St,32,yes,Romel Sfapt LLC,531110,1
Nob Hill,1708 Sacramento St #1720,,,Rosenberg Emily Jane,53,1
Nob Hill,1124 Leavenworth St,6,yes,Rupke Family Trust,531110,1
Nob Hill,1370 Washington St,7,yes,Ruxton Revocable Trust,531110,1
Nob Hill,1490 Sacramento St,32,yes,Sacramento-Hyde Associates,531110,1
Nob Hill,1285 Sutter St,,,"Sares Regis Management Co., Lp",531311,1
Nob Hill,1253 Bush St,40,yes,Schmidt Carmen,531110,1
Nob Hill,1144 Larkin St Apt 11,18,yes,Seljuk Investments LLC,531110,1
Nob Hill,726 Bush St,16,yes,Sf 1f 726 Bush LLC,531110,1
Nob Hill,736 Leavenworth St,9,yes,Sf Multifamily Pools 2-3 (B) Owner LLC,531110,1
Nob Hill,1369 Sacramento St,7,yes,Shane Lawrence,531110,1
Nob Hill,1447 Jones St,9,yes,Silvani Helen Hagey,531110,1
Nob Hill,490 Post St Ste 939,,,Sima Space,53,1
Nob Hill,1125 Taylor St,6,yes,Sitter Mary Melissa,53,1
Nob Hill,1630 California St,40,yes,Smith-Brennan Properties LLC,531110,1
Nob Hill,830 Sutter St,16,yes,Sophia Apartments Lp,531110,1
Nob Hill,780 Post St,39,yes,St Francis Terrace LLC,531110,1
Nob Hill,542 Mason St,32,yes,Stamper Bruce,53,1
Nob Hill,1160 Clay St,15,yes,Starlight Psj1 Associates LLC,531110,1
Nob Hill,956 Post St,33,yes,Steven M Tappe,531110,1
Nob Hill,1650 Jones St,14,yes,Steven Walz,531110,1
Nob Hill,1233 Polk St,24,yes,"Sunjin & Polk, Inc.",531110,1
Nob Hill,1156 Sutter St,18,yes,Sutter Street Apartments LLC,531110,1
Nob Hill,935 Sutter St,30,yes,Sutter Street II Trust,53,1
Nob Hill,1257 Bush St,35,yes,"Swift Fremont Tech Investors, LLC",531110,1
Nob Hill,1620 Jones St,8,yes,Tai Loy Lau Etal,531110,1
Nob Hill,1728 Jones St # 1730,6,yes,Tarnopolsky Family Trust,531110,1
Nob Hill,900 Taylor St,6,yes,Taylor Apex LLC,531110,1
Nob Hill,1624 California St,,,Tcgsf Inc,531210,1
Nob Hill,1062 Sutter St,24,yes,Teksler Family Trust,531110,1
Nob Hill,1040 Mason St,14,yes,Ten Forty Mason LLC,531110,1
Nob Hill,1250 Pine St,11,yes,The Lynn S. Que Living Trust,531110,1
Nob Hill,930 Sutter St,36,yes,The Pharoah/Nob Hill Associate,531110,1
Nob Hill,1238 Sutter St,37,yes,The Sutter North Owners Association,531311,1
Nob Hill,1045 Leavenworth St,6,yes,Thomas David,531110,1
Nob Hill,755 Pine St,8,yes,Tom And  Tom LLC,531110,1
Nob Hill,1134 Jackson St,6,yes,Toms & Jeannie Soo Hoo Rev Suc Trustee Jeannie Soo Hoo,531110,1
Nob Hill,1270 California St,9,yes,Tong Jang Shee & James P Etal,531110,1
Nob Hill,725 Pine St Apt 307,22,yes,Travis Kester,531110,1
Nob Hill,1355 California St,11,yes,Trust B-1 Of The Residuary,531110,1
Nob Hill,1137 Hyde St,16,yes,U021009 Fit Trust,53,1
Nob Hill,1730 Leavenworth St #1732,3,yes,Volta Partners LLC,53,1
Nob Hill,900 Bush St,,,Wai John E,531110,1
Nob Hill,810 Hyde St,32,yes,Wall Company,531110,1
Nob Hill,1492 California St,9,yes,Wang Min J & Fun Yui,531110,1
Nob Hill,1245 Washington St,6,yes,Washington Street Investments LLC,531110,1
Nob Hill,1085 Washington St,19,yes,Webco Group LLC,"53, 531110",1
Nob Hill,1082 Pine St,6,yes,West Ozro,531311,1
Nob Hill,1082 Pine St,6,yes,West Ozro E,531311,1
Nob Hill,950 Pine St,38,yes,Whelan J/Macsweeney S/Et Al,531110,1
Nob Hill,1815 Jones St,3,yes,William R Canihan Trustee,531110,1
Nob Hill,962 Jones St,,,Wong Clifton M,531110,1
Nob Hill,1540 Leavenworth St,,,Wong Frank Yuk Shu & Susan,531390,1
Nob Hill,1142 Hyde St,6,yes,Wong Harvey Way,531110,1
Nob Hill,1020 Bush St,13,yes,Wong Jones Teresa K,531110,1
Nob Hill,1533 Larkin St,6,yes,Wong Lonnie,531110,1
Nob Hill,115 Wetmore St,5,yes,Woon Benson Etal,53,1
Nob Hill,830 Bush St,37,yes,Wortam California Lp,531110,1
Nob Hill,1041 Washington St,6,yes,Woytak Family Trust,531110,1
Nob Hill,1041 Washington St,6,yes,Woytak Lidia & Lillian,53,1
Nob Hill,1037 Clay St,8,yes,Wu Ronald Wu Lillian,531110,1
Nob Hill,1036 Jackson St,6,yes,Wu Ronald Wu Lillian Kim Joanna,531110,1
Nob Hill,1062 Pacific Ave,,,Yee E Yee H Yee H & Yee J,531110,1
Nob Hill,815 Bush St #1,7,yes,Yee Willy King,531110,1
Nob Hill,970 Post St,29,yes,Young 1989 Family Trust The,531110,1
Nob Hill,1345 Taylor St,32,yes,Young Alfred,531110,1
Nob Hill,1513 Taylor St,6,yes,Young Howard,531110,1
